Name,Level,School,Ritual,Casting Time,Range,Type:Size,Components,concentration,Duration,Description,Attack Type,Type,Level:Amount_damage,Level:Amout_heal,Characteristic
Acid-arrow,2,Evocation,No_Ritual,1 action,90 feet,No_AreaEffect,V/S/M,No_Concentration,Instantaneous,A shimmering green arrow streaks toward a target within range and bursts in a spray of acid. Make a ranged spell attack against the target. On a hitthe target takes 4d4 acid damage immediately and 2d4 acid damage at the end of its next turn. On a missthe arrow splashes the target with acid for half as much of the initial damage and no damage at the end of its next turn.,Ranged,Acid,2:4d4/3:5d4/4:6d4/5:7d4/6:8d4/7:9d4/8:10d4/9:11d4,No_Heal,No_SavingThrow
Acid-splash,0,Conjuration,No_Ritual,1 action,60 feet,No_AreaEffect,V/S,No_Concentration,Instantaneous,You hurl a bubble of acid. Choose one creature within rangeor choose two creatures within range that are within 5 feet of each other. A target must succeed on a dexterity saving throw or take 1d6 acid damage.This spell's damage increases by 1d6 when you reach 5th level (2d6)11th level (3d6)and 17th level (4d6).,No_AttackType,Acid,1:1d6/5:2d6/11:3d6/17:4d6,No_Heal,DEX
Aid,2,Abjuration,No_Ritual,1 action,30 feet,No_AreaEffect,V/S/M,No_Concentration,8 hours,Your spell bolsters your allies with toughness and resolve. Choose up to three creatures within range. Each target's hit point maximum and current hit points increase by 5 for the duration.,No_AttackType,No_Damage,2:5/3:10/4:15/5:20/6:25/7:30/8:35/9:40,No_SavingThrow
Alarm,1,Abjuration,Ritual,1 minute,30 feet,Cube:20,V/S/M,No_Concentration,8 hours,You set an alarm against unwanted intrusion. Choose a doora windowor an area within range that is no larger than a 20-foot cube. Until the spell endsan alarm alerts you whenever a Tiny or larger creature touches or enters the warded area. When you cast the spellyou can designate creatures that won't set off the alarm. You also choose whether the alarm is mental or audible.A mental alarm alerts you with a ping in your mind if you are within 1 mile of the warded area. This ping awakens you if you are sleeping.An audible alarm produces the sound of a hand bell for 10 seconds within 60 feet.,No_AttackType,No_Damage,No_Heal,No_SavingThrow
Alter-self,2,Transmutation,No_Ritual,1 action,Self,No_AreaEffect,V/S,concentration,Up to 1 hour,You assume a different form. When you cast the spellchoose one of the following optionsthe effects of which last for the duration of the spell. While the spell lastsyou can end one option as an action to gain the benefits of a different one.***Aquatic Adaptation.*** You adapt your body to an aquatic environmentsprouting gills and growing webbing between your fingers. You can breathe underwater and gain a swimming speed equal to your walking speed.***Change Appearance.*** You transform your appearance. You decide what you look likeincluding your heightweightfacial featuressound of your voicehair lengthcolorationand distinguishing characteristicsif any. You can make yourself appear as a member of another racethough none of your statistics change. You also can't appear as a creature of a different size than youand your basic shape stays the same; if you're bipedalyou can't use this spell to become quadrupedalfor instance. At any time for the duration of the spellyou can use your action to change your appearance in this way again.***Natural Weapons.*** You grow clawsfangsspineshornsor a different natural weapon of your choice. Your unarmed strikes deal 1d6 bludgeoningpiercingor slashing damageas appropriate to the natural weapon you choseand you are proficient with your unarmed strikes. Finallythe natural weapon is magic and you have a +1 bonus to the attack and damage rolls you make using it.,No_AttackType,No_Damage,No_Heal,No_SavingThrow
Animal-friendship,1,Enchantment,No_Ritual,1 action,30 feet,No_AreaEffect,V/S/M,No_Concentration,24 hours,This spell lets you convince a beast that you mean it no harm. Choose a beast that you can see within range. It must see and hear you. If the beast's Intelligence is 4 or higherthe spell fails. Otherwisethe beast must succeed on a wisdom saving throw or be charmed by you for the spell's duration. If you or one of your companions harms the targetthe spells ends.,No_AttackType,No_Damage,No_Heal,WIS
Animal-messenger,2,Enchantment,Ritual,1 action,30 feet,No_AreaEffect,V/S/M,No_Concentration,24 hours,By means of this spellyou use an animal to deliver a message. Choose a Tiny beast you can see within rangesuch as a squirrela blue jayor a bat. You specify a locationwhich you must have visitedand a recipient who matches a general descriptionsuch as "a man or woman dressed in the uniform of the town guard" or "a red-haired dwarf wearing a pointed hat." You also speak a message of up to twenty-five words. The target beast travels for the duration of the spell toward the specified locationcovering about 50 miles per 24 hours for a flying messengeror 25 miles for other animals.When the messenger arrivesit delivers your message to the creature that you describedreplicating the sound of your voice. The messenger speaks only to a creature matching the description you gave. If the messenger doesn't reach its destination before the spell endsthe message is lostand the beast makes its way back to where you cast this spell.,No_AttackType,No_Damage,No_Heal,No_SavingThrow
Animal-shapes,8,Transmutation,No_Ritual,1 action,30 feet,No_AreaEffect,V/S,concentration,Up to 24 hours,Your magic turns others into beasts. Choose any number of willing creatures that you can see within range. You transform each target into the form of a Large or smaller beast with a challenge rating of 4 or lower. On subsequent turnsyou can use your action to transform affected creatures into new forms.The transformation lasts for the duration for each targetor until the target drops to 0 hit points or dies. You can choose a different form for each target. A target's game statistics are replaced by the statistics of the chosen beastthough the target retains its alignment and IntelligenceWisdomand Charisma scores. The target assumes the hit points of its new formand when it reverts to its normal formit returns to the number of hit points it had before it transformed. If it reverts as a result of dropping to 0 hit pointsany excess damage carries over to its normal form. As long as the excess damage doesn't reduce the creature's normal form to 0 hit pointsit isn't knocked unconscious. The creature is limited in the actions it can perform by the nature of its new formand it can't speak or cast spells.The target's gear melds into the new form. The target can't activatewieldor otherwise benefit from any of its equipment.,No_AttackType,No_Damage,No_Heal,No_SavingThrow
Animate-dead,3,Necromancy,No_Ritual,1 minute,10 feet,No_AreaEffect,V/S/M,No_Concentration,Instantaneous,This spell creates an undead servant. Choose a pile of bones or a corpse of a Medium or Small humanoid within range. Your spell imbues the target with a foul mimicry of liferaising it as an undead creature. The target becomes a skeleton if you chose bones or a zombie if you chose a corpse (the GM has the creature's game statistics).On each of your turnsyou can use a bonus action to mentally command any creature you made with this spell if the creature is within 60 feet of you (if you control multiple creaturesyou can command any or all of them at the same timeissuing the same command to each one). You decide what action the creature will take and where it will move during its next turnor you can issue a general commandsuch as to guard a particular chamber or corridor. If you issue no commandsthe creature only defends itself against hostile creatures. Once given an orderthe creature continues to follow it until its task is complete.The creature is under your control for 24 hoursafter which it stops obeying any command you've given it. To maintain control of the creature for another 24 hoursyou must cast this spell on the creature again before the current 24-hour period ends. This use of the spell reasserts your control over up to four creatures you have animated with this spellrather than animating a new one.,No_AttackType,No_Damage,No_Heal,No_SavingThrow
Animate-objects,5,Transmutation,No_Ritual,1 action,120 feet,No_AreaEffect,V/S,concentration,Up to 1 minute,Objects come to life at your command. Choose up to ten nonmagical objects within range that are not being worn or carried. Medium targets count as two objectsLarge targets count as four objectsHuge targets count as eight objects. You can't animate any object larger than Huge. Each target animates and becomes a creature under your control until the spell ends or until reduced to 0 hit points.As a bonus actionyou can mentally command any creature you made with this spell if the creature is within 500 feet of you (if you control multiple creaturesyou can command any or all of them at the same timeissuing the same command to each one). You decide what action the creature will take and where it will move during its next turnor you can issue a general commandsuch as to guard a particular chamber or corridor. If you issue no commandsthe creature only defends itself against hostile creatures. Once given an orderthe creature continues to follow it until its task is complete.##### Animated Object Statistics| Size | HP | AC | Attack | Str | Dex ||---|---|---|---|---|---|| Tiny | 20 | 18 | +8 to hit1d4 + 4 damage | 4 | 18 || Small | 25 | 16 | +6 to hit1d8 + 2 damage | 6 | 14 || Medium | 40 | 13 | +5 to hit2d6 + 1 damage | 10 | 12 || Large | 50 | 10 | +6 to hit2d10 + 2 damage | 14 | 10 || Huge | 80 | 10 | +8 to hit2d12 + 4 damage | 18 | 6 |An animated object is a construct with AChit pointsattacksStrengthand Dexterity determined by its size. Its Constitution is 10 and its Intelligence and Wisdom are 3and its Charisma is 1. Its speed is 30 feet; if the object lacks legs or other appendages it can use for locomotionit instead has a flying speed of 30 feet and can hover. If the object is securely attached to a surface or a larger objectsuch as a chain bolted to a wallits speed is 0. It has blindsight with a radius of 30 feet and is blind beyond that distance. When the animated object drops to 0 hit pointsit reverts to its original object formand any remaining damage carries over to its original object form.If you command an object to attackit can make a single melee attack against a creature within 5 feet of it. It makes a slam attack with an attack bonus and bludgeoning damage determined by its size. The GM might rule that a specific object inflicts slashing or piercing damage based on its form.,No_AttackType,No_Damage,No_Heal,No_SavingThrow
Antilife-shell,5,Abjuration,No_Ritual,1 action,Self,Sphere:10,V/S,concentration,Up to 1 hour,A shimmering barrier extends out from you in a 10-foot radius and moves with youremaining centered on you and hedging out creatures other than undead and constructs. The barrier lasts for the duration.The barrier prevents an affected creature from passing or reaching through. An affected creature can cast spells or make attacks with ranged or reach weapons through the barrier.If you move so that an affected creature is forced to pass through the barrierthe spell ends.,No_AttackType,No_Damage,No_Heal,No_SavingThrow
Antimagic-field,8,Abjuration,No_Ritual,1 action,Self,Sphere:10,V/S/M,concentration,Up to 1 hour,A 10-foot-radius invisible sphere of antimagic surrounds you. This area is divorced from the magical energy that suffuses the multiverse. Within the spherespells can't be castsummoned creatures disappearand even magic items become mundane. Until the spell endsthe sphere moves with youcentered on you.Spells and other magical effectsexcept those created by an artifact or a deityare suppressed in the sphere and can't protrude into it. A slot expended to cast a suppressed spell is consumed. While an effect is suppressedit doesn't functionbut the time it spends suppressed counts against its duration.***Targeted Effects.*** Spells and other magical effectssuch as magic missile and charm personthat target a creature or an object in the sphere have no effect on that target.***Areas of Magic.*** The area of another spell or magical effectsuch as fireballcan't extend into the sphere. If the sphere overlaps an area of magicthe part of the area that is covered by the sphere is suppressed. For examplethe flames created by a wall of fire are suppressed within the spherecreating a gap in the wall if the overlap is large enough.***Spells.*** Any active spell or other magical effect on a creature or an object in the sphere is suppressed while the creature or object is in it.***Magic Items.*** The properties and powers of magic items are suppressed in the sphere. For examplea +1 longsword in the sphere functions as a nonmagical longsword.A magic weapon's properties and powers are suppressed if it is used against a target in the sphere or wielded by an attacker in the sphere. If a magic weapon or a piece of magic ammunition fully leaves the sphere (for exampleif you fire a magic arrow or throw a magic spear at a target outside the sphere)the magic of the item ceases to be suppressed as soon as it exits.***Magical Travel.*** Teleportation and planar travel fail to work in the spherewhether the sphere is the destination or the departure point for such magical travel. A portal to another locationworldor plane of existenceas well as an opening to an extradimensional space such as that created by the rope trick spelltemporarily closes while in the sphere.***Creatures and Objects.*** A creature or object summoned or created by magic temporarily winks out of existence in the sphere. Such a creature instantly reappears once the space the creature occupied is no longer within the sphere.***Dispel Magic.*** Spells and magical effects such as dispel magic have no effect on the sphere. Likewisethe spheres created by different antimagic field spells don't nullify each other.,No_AttackType,No_Damage,No_Heal,No_SavingThrow
Antipathy-sympathy,8,Enchantment,No_Ritual,1 hour,60 feet,Cube:200,V/S/M,No_Concentration,10 days,This spell attracts or repels creatures of your choice. You target something within rangeeither a Huge or smaller object or creature or an area that is no larger than a 200-foot cube. Then specify a kind of intelligent creaturesuch as red dragonsgoblinsor vampires. You invest the target with an aura that either attracts or repels the specified creatures for the duration. Choose antipathy or sympathy as the aura's effect.***Antipathy.*** The enchantment causes creatures of the kind you designated to feel an intense urge to leave the area and avoid the target. When such a creature can see the target or comes within 60 feet of itthe creature must succeed on a wisdom saving throw or become frightened. The creature remains frightened while it can see the target or is within 60 feet of it. While frightened by the targetthe creature must use its movement to move to the nearest safe spot from which it can't see the target. If the creature moves more than 60 feet from the target and can't see itthe creature is no longer frightenedbut the creature becomes frightened again if it regains sight of the target or moves within 60 feet of it.***Sympathy.*** The enchantment causes the specified creatures to feel an intense urge to approach the target while within 60 feet of it or able to see it. When such a creature can see the target or comes within 60 feet of itthe creature must succeed on a wisdom saving throw or use its movement on each of its turns to enter the area or move within reach of the target. When the creature has done soit can't willingly move away from the target.If the target damages or otherwise harms an affected creaturethe affected creature can make a wisdom saving throw to end the effectas described below.***Ending the Effect.*** If an affected creature ends its turn while not within 60 feet of the target or able to see itthe creature makes a wisdom saving throw. On a successful savethe creature is no longer affected by the target and recognizes the feeling of repugnance or attraction as magical. In additiona creature affected by the spell is allowed another wisdom saving throw every 24 hours while the spell persists.A creature that successfully saves against this effect is immune to it for 1 minuteafter which time it can be affected again.,No_AttackType,No_Damage,No_Heal,No_SavingThrow
Arcane-eye,4,Divination,No_Ritual,1 action,30 feet,Sphere:30,V/S/M,concentration,Up to 1 hour,You create an invisiblemagical eye within range that hovers in the air for the duration.You mentally receive visual information from the eyewhich has normal vision and darkvision out to 30 feet. The eye can look in every direction.As an actionyou can move the eye up to 30 feet in any direction. There is no limit to how far away from you the eye can movebut it can't enter another plane of existence. A solid barrier blocks the eye's movementbut the eye can pass through an opening as small as 1 inch in diameter.,No_AttackType,No_Damage,No_Heal,No_SavingThrow
Arcane-hand,5,Evocation,No_Ritual,1 action,120 feet,No_AreaEffect,V/S/M,concentration,Up to 1 minute,You create a Large hand of shimmeringtranslucent force in an unoccupied space that you can see within range. The hand lasts for the spell's durationand it moves at your commandmimicking the movements of your own hand.The hand is an object that has AC 20 and hit points equal to your hit point maximum. If it drops to 0 hit pointsthe spell ends. It has a Strength of 26 (+8) and a Dexterity of 10 (+0). The hand doesn't fill its space.When you cast the spell and as a bonus action on your subsequent turnsyou can move the hand up to 60 feet and then cause one of the following effects with it.***Clenched Fist.*** The hand strikes one creature or object within 5 feet of it. Make a melee spell attack for the hand using your game statistics. On a hitthe target takes 4d8 force damage.***Forceful Hand.*** The hand attempts to push a creature within 5 feet of it in a direction you choose. Make a check with the hand's Strength contested by the Strength (Athletics) check of the target. If the target is Medium or smalleryou have advantage on the check. If you succeedthe hand pushes the target up to 5 feet plus a number of feet equal to five times your spellcasting ability modifier. The hand moves with the target to remain within 5 feet of it.***Grasping Hand.*** The hand attempts to grapple a Huge or smaller creature within 5 feet of it. You use the hand's Strength score to resolve the grapple. If the target is Medium or smalleryou have advantage on the check. While the hand is grappling the targetyou can use a bonus action to have the hand crush it. When you do sothe target takes bludgeoning damage equal to 2d6 + your spellcasting ability modifier.***Interposing Hand.*** The hand interposes itself between you and a creature you choose until you give the hand a different command. The hand moves to stay between you and the targetproviding you with half cover against the target. The target can't move through the hand's space if its Strength score is less than or equal to the hand's Strength score. If its Strength score is higher than the hand's Strength scorethe target can move toward you through the hand's spacebut that space is difficult terrain for the target.,No_AttackType,No_Damage,No_Heal,No_SavingThrow
Arcane-lock,2,Abjuration,No_Ritual,1 action,Touch,No_AreaEffect,V/S/M,No_Concentration,Until dispelled,You touch a closed doorwindowgatechestor other entrywayand it becomes locked for the duration. You and the creatures you designate when you cast this spell can open the object normally. You can also set a password thatwhen spoken within 5 feet of the objectsuppresses this spell for 1 minute. Otherwiseit is impassable until it is broken or the spell is dispelled or suppressed. Casting knock on the object suppresses arcane lock for 10 minutes.While affected by this spellthe object is more difficult to break or force open; the DC to break it or pick any locks on it increases by 10.,No_AttackType,No_Damage,No_Heal,No_SavingThrow
Arcane-sword,7,Evocation,No_Ritual,1 action,60 feet,No_AreaEffect,V/S/M,concentration,Up to 1 minute,You create a sword-shaped plane of force that hovers within range. It lasts for the duration.When the sword appearsyou make a melee spell attack against a target of your choice within 5 feet of the sword. On a hitthe target takes 3d10 force damage. Until the spell endsyou can use a bonus action on each of your turns to move the sword up to 20 feet to a spot you can see and repeat this attack against the same target or a different one.,Melee,Force,7:3d10,No_Heal,No_SavingThrow
Arcanists-magic-aura,2,Illusion,No_Ritual,1 action,Touch,No_AreaEffect,V/S/M,No_Concentration,24 hours,You place an illusion on a creature or an object you touch so that divination spells reveal false information about it. The target can be a willing creature or an object that isn't being carried or worn by another creature.When you cast the spellchoose one or both of the following effects. The effect lasts for the duration. If you cast this spell on the same creature or object every day for 30 daysplacing the same effect on it each timethe illusion lasts until it is dispelled.***False Aura.*** You change the way the target appears to spells and magical effectssuch as detect magicthat detect magical auras. You can make a nonmagical object appear magicala magical object appear nonmagicalor change the object's magical aura so that it appears to belong to a specific school of magic that you choose. When you use this effect on an objectyou can make the false magic apparent to any creature that handles the item.***Mask.*** You change the way the target appears to spells and magical effects that detect creature typessuch as a paladin's Divine Sense or the trigger of a symbol spell. You choose a creature type and other spells and magical effects treat the target as if it were a creature of that type or of that alignment.,No_AttackType,No_Damage,No_Heal,No_SavingThrow
Astral-projection,9,Necromancy,No_Ritual,1 hour,10 feet,No_AreaEffect,V/S/M,No_Concentration,Special,You and up to eight willing creatures within range project your astral bodies into the Astral Plane (the spell fails and the casting is wasted if you are already on that plane). The material body you leave behind is unconscious and in a state of suspended animation; it doesn't need food or air and doesn't age.Your astral body resembles your mortal form in almost every wayreplicating your game statistics and possessions. The principal difference is the addition of a silvery cord that extends from between your shoulder blades and trails behind youfading to invisibility after 1 foot. This cord is your tether to your material body. As long as the tether remains intactyou can find your way home. If the cord is cut--something that can happen only when an effect specifically states that it does--your soul and body are separatedkilling you instantly.Your astral form can freely travel through the Astral Plane and can pass through portals there leading to any other plane. If you enter a new plane or return to the plane you were on when casting this spellyour body and possessions are transported along the silver cordallowing you to re-enter your body as you enter the new plane. Your astral form is a separate incarnation. Any damage or other effects that apply to it have no effect on your physical bodynor do they persist when you return to it.The spell ends for you and your companions when you use your action to dismiss it. When the spell endsthe affected creature returns to its physical bodyand it awakens.The spell might also end early for you or one of your companions. A successful dispel magic spell used against an astral or physical body ends the spell for that creature. If a creature's original body or its astral form drops to 0 hit pointsthe spell ends for that creature. If the spell ends and the silver cord is intactthe cord pulls the creature's astral form back to its bodyending its state of suspended animation.If you are returned to your body prematurelyyour companions remain in their astral forms and must find their own way back to their bodiesusually by dropping to 0 hit points.,No_AttackType,No_Damage,No_Heal,No_SavingThrow
Augury,2,Divination,Ritual,1 minute,Self,No_AreaEffect,V/S/M,No_Concentration,Instantaneous,By casting gem-inlaid sticksrolling dragon boneslaying out ornate cardsor employing some other divining toolyou receive an omen from an otherworldly entity about the results of a specific course of action that you plan to take within the next 30 minutes. The GM chooses from the following possible omens:- Wealfor good results- Woefor bad results- Weal and woefor both good and bad results- Nothingfor results that aren't especially good or badThe spell doesn't take into account any possible circumstances that might change the outcomesuch as the casting of additional spells or the loss or gain of a companion.If you cast the spell two or more times before completing your next long restthere is a cumulative 25 percent chance for each casting after the first that you get a random reading. The GM makes this roll in secret.,No_AttackType,No_Damage,No_Heal,No_SavingThrow
Awaken,5,Transmutation,No_Ritual,8 hours,Touch,No_AreaEffect,V/S/M,No_Concentration,Instantaneous,After spending the casting time tracing magical pathways within a precious gemstoneyou touch a Huge or smaller beast or plant. The target must have either no Intelligence score or an Intelligence of 3 or less. The target gains an Intelligence of 10. The target also gains the ability to speak one language you know. If the target is a plantit gains the ability to move its limbsrootsvinescreepersand so forthand it gains senses similar to a human's. Your GM chooses statistics appropriate for the awakened plantsuch as the statistics for the awakened shrub or the awakened tree.The awakened beast or plant is charmed by you for 30 days or until you or your companions do anything harmful to it. When the charmed condition endsthe awakened creature chooses whether to remain friendly to youbased on how you treated it while it was charmed.,No_AttackType,No_Damage,No_Heal,No_SavingThrow
Bane,1,Enchantment,No_Ritual,1 action,30 feet,No_AreaEffect,V/S/M,concentration,Up to 1 minute,Up to three creatures of your choice that you can see within range must make charisma saving throws. Whenever a target that fails this saving throw makes an attack roll or a saving throw before the spell endsthe target must roll a d4 and subtract the number rolled from the attack roll or saving throw.,No_AttackType,No_Damage,No_Heal,CHA
Banishment,4,Abjuration,No_Ritual,1 action,60 feet,No_AreaEffect,V/S/M,concentration,Up to 1 minute,You attempt to send one creature that you can see within range to another plane of existence. The target must succeed on a charisma saving throw or be banished.If the target is native to the plane of existence you're onyou banish the target to a harmless demiplane. While therethe target is incapacitated. The target remains there until the spell endsat which point the target reappears in the space it left or in the nearest unoccupied space if that space is occupied.If the target is native to a different plane of existence than the one you're onthe target is banished with a faint popping noisereturning to its home plane. If the spell ends before 1 minute has passedthe target reappears in the space it left or in the nearest unoccupied space if that space is occupied. Otherwisethe target doesn't return.,No_AttackType,No_Damage,No_Heal,CHA
Barkskin,2,Transmutation,No_Ritual,1 action,Touch,No_AreaEffect,V/S/M,concentration,Up to 1 hour,You touch a willing creature. Until the spell endsthe target's skin has a roughbark-like appearanceand the target's AC can't be less than 16regardless of what kind of armor it is wearing.,No_AttackType,No_Damage,No_Heal,No_SavingThrow
Beacon-of-hope,3,Abjuration,No_Ritual,1 action,30 feet,No_AreaEffect,V/S,concentration,Up to 1 minute,This spell bestows hope and vitality. Choose any number of creatures within range. For the durationeach target has advantage on wisdom saving throws and death saving throwsand regains the maximum number of hit points possible from any healing.,No_AttackType,No_Damage,No_Heal,No_SavingThrow
Bestow-curse,3,Necromancy,No_Ritual,1 action,Touch,No_AreaEffect,V/S,concentration,Up to 1 minute,You touch a creatureand that creature must succeed on a wisdom saving throw or become cursed for the duration of the spell. When you cast this spellchoose the nature of the curse from the following options:- Choose one ability score. While cursedthe target has disadvantage on ability checks and saving throws made with that ability score.- While cursedthe target has disadvantage on attack rolls against you.- While cursedthe target must make a wisdom saving throw at the start of each of its turns. If it failsit wastes its action that turn doing nothing.- While the target is cursedyour attacks and spells deal an extra 1d8 necrotic damage to the target.A remove curse spell ends this effect. At the GM's optionyou may choose an alternative curse effectbut it should be no more powerful than those described above. The GM has final say on such a curse's effect.,No_AttackType,No_Damage,No_Heal,WIS
Black-tentacles,4,Conjuration,No_Ritual,1 action,90 feet,Cube:20,V/S/M,concentration,Up to 1 minute,Squirmingebony tentacles fill a 20-foot square on ground that you can see within range. For the durationthese tentacles turn the ground in the area into difficult terrain.When a creature enters the affected area for the first time on a turn or starts its turn therethe creature must succeed on a Dexterity saving throw or take 3d6 bludgeoning damage and be restrained by the tentacles until the spell ends. A creature that starts its turn in the area and is already restrained by the tentacles takes 3d6 bludgeoning damage.A creature restrained by the tentacles can use its action to make a Strength or Dexterity check (its choice) against your spell save DC. On a successit frees itself.,No_AttackType,Bludgeoning,4:3d6,No_Heal,DEX
Blade-barrier,6,Evocation,No_Ritual,1 action,90 feet,Line:100,V/S,concentration,Up to 10 minutes,You create a vertical wall of whirlingrazor-sharp blades made of magical energy. The wall appears within range and lasts for the duration. You can make a straight wall up to 100 feet long20 feet highand 5 feet thickor a ringed wall up to 60 feet in diameter20 feet highand 5 feet thick. The wall provides three-quarters cover to creatures behind itand its space is difficult terrain.When a creature enters the wall's area for the first time on a turn or starts its turn therethe creature must make a dexterity saving throw. On a failed savethe creature takes 6d10 slashing damage. On a successful savethe creature takes half as much damage.,No_AttackType,Slashing,6:6d10,No_Heal,DEX
Bless,1,Enchantment,No_Ritual,1 action,30 feet,No_AreaEffect,V/S/M,concentration,Up to 1 minute,You bless up to three creatures of your choice within range. Whenever a target makes an attack roll or a saving throw before the spell endsthe target can roll a d4 and add the number rolled to the attack roll or saving throw.,No_AttackType,No_Damage,No_Heal,No_SavingThrow
Blight,4,Necromancy,No_Ritual,1 action,30 feet,No_AreaEffect,V/S,No_Concentration,Instantaneous,Necromantic energy washes over a creature of your choice that you can see within rangedraining moisture and vitality from it. The target must make a constitution saving throw. The target takes 8d8 necrotic damage on a failed saveor half as much damage on a successful one. The spell has no effect on undead or constructs.If you target a plant creature or a magical plantit makes the saving throw with disadvantageand the spell deals maximum damage to it.If you target a nonmagical plant that isn't a creaturesuch as a tree or shrubit doesn't make a saving throw; it simply withers and dies.,No_AttackType,Necrotic,4:8d8/5:9d8/6:10d8/7:11d8/8:12d8/9:13d8,No_Heal,CON
Blindness-deafness,2,Necromancy,No_Ritual,1 action,30 feet,No_AreaEffect,V,No_Concentration,1 minute,You can blind or deafen a foe. Choose one creature that you can see within range to make a constitution saving throw. If it failsthe target is either blinded or deafened (your choice) for the duration. At the end of each of its turnsthe target can make a constitution saving throw. On a successthe spell ends.,No_AttackType,No_Damage,No_Heal,CON
Blink,3,Transmutation,No_Ritual,1 action,Self,No_AreaEffect,V/S,No_Concentration,1 minute,Roll a d20 at the end of each of your turns for the duration of the spell. On a roll of 11 or higheryou vanish from your current plane of existence and appear in the Ethereal Plane (the spell fails and the casting is wasted if you were already on that plane). At the start of your next turnand when the spell ends if you are on the Ethereal Planeyou return to an unoccupied space of your choice that you can see within 10 feet of the space you vanished from. If no unoccupied space is available within that rangeyou appear in the nearest unoccupied space (chosen at random if more than one space is equally near). You can dismiss this spell as an action.While on the Ethereal Planeyou can see and hear the plane you originated fromwhich is cast in shades of grayand you can't see anything there more than 60 feet away. You can only affect and be affected by other creatures on the Ethereal Plane. Creatures that aren't there can't perceive you or interact with youunless they have the ability to do so.,No_AttackType,No_Damage,No_Heal,No_SavingThrow
Blur,2,Illusion,No_Ritual,1 action,Self,No_AreaEffect,V,concentration,Up to 1 minute,Your body becomes blurredshifting and wavering to all who can see you. For the durationany creature has disadvantage on attack rolls against you. An attacker is immune to this effect if it doesn't rely on sightas with blindsightor can see through illusionsas with truesight.,No_AttackType,No_Damage,No_Heal,No_SavingThrow
Branding-smite,2,Evocation,No_Ritual,1 bonus action,Self,No_AreaEffect,V,concentration,Up to 1 minute,The next time you hit a creature with a weapon attack before this spell endsthe weapon gleams with astral radiance as you strike. The attack deals an extra 2d6 radiant damage to the targetwhich becomes visible if it's invisibleand the target sheds dim light in a 5-foot radius and can't become invisible until the spell ends.,No_AttackType,Radiant,2:2d6/3:3d6/4:4d6/5:5d6/6:6d6/7:7d6/8:8d6/9:9d6,No_Heal,No_SavingThrow
Burning-hands,1,Evocation,No_Ritual,1 action,Self,Cone:15,V/S,No_Concentration,Instantaneous,As you hold your hands with thumbs touching and fingers spreada thin sheet of flames shoots forth from your outstretched fingertips. Each creature in a 15-foot cone must make a dexterity saving throw. A creature takes 3d6 fire damage on a failed saveor half as much damage on a successful one.The fire ignites any flammable objects in the area that aren't being worn or carried.,No_AttackType,Fire,1:3d6/2:4d6/3:5d6/4:6d6/5:7d6/6:8d6/7:9d6/8:10d6/9:11d6,No_Heal,DEX
Call-lightning,3,Conjuration,No_Ritual,1 action,120 feet,Sphere:5,V/S,concentration,Up to 10 minutes,A storm cloud appears in the shape of a cylinder that is 10 feet tall with a 60-foot radiuscentered on a point you can see 100 feet directly above you. The spell fails if you can't see a point in the air where the storm cloud could appear (for exampleif you are in a room that can't accommodate the cloud).When you cast the spellchoose a point you can see within range. A bolt of lightning flashes down from the cloud to that point. Each creature within 5 feet of that point must make a dexterity saving throw. A creature takes 3d10 lightning damage on a failed saveor half as much damage on a successful one. On each of your turns until the spell endsyou can use your action to call down lightning in this way againtargeting the same point or a different one.If you are outdoors in stormy conditions when you cast this spellthe spell gives you control over the existing storm instead of creating a new one. Under such conditionsthe spell's damage increases by 1d10.,No_AttackType,Lightning,3:3d10/4:4d10/5:5d10/6:6d10/7:7d10/8:8d10/9:9d10,No_Heal,No_SavingThrow
Calm-emotions,2,Enchantment,No_Ritual,1 action,60 feet,Sphere:20,V/S,concentration,Up to 1 minute,You attempt to suppress strong emotions in a group of people. Each humanoid in a 20-foot-radius sphere centered on a point you choose within range must make a charisma saving throw; a creature can choose to fail this saving throw if it wishes. If a creature fails its saving throwchoose one of the following two effects. You can suppress any effect causing a target to be charmed or frightened. When this spell endsany suppressed effect resumesprovided that its duration has not expired in the meantime.Alternativelyyou can make a target indifferent about creatures of your choice that it is hostile toward. This indifference ends if the target is attacked or harmed by a spell or if it witnesses any of its friends being harmed. When the spell endsthe creature becomes hostile againunless the GM rules otherwise.,No_AttackType,No_Damage,No_Heal,CHA
Chain-lightning,6,Evocation,No_Ritual,1 action,150 feet,No_AreaEffect,V/S/M,No_Concentration,Instantaneous,You create a bolt of lightning that arcs toward a target of your choice that you can see within range. Three bolts then leap from that target to as many as three other targetseach of which must be within 30 feet of the first target. A target can be a creature or an object and can be targeted by only one of the bolts.A target must make a dexterity saving throw. The target takes 10d8 lightning damage on a failed saveor half as much damage on a successful one.,No_AttackType,Lightning,6:10d8,No_Heal,DEX
Charm-person,1,Enchantment,No_Ritual,1 action,30 feet,No_AreaEffect,V/S,No_Concentration,1 hour,You attempt to charm a humanoid you can see within range. It must make a wisdom saving throwand does so with advantage if you or your companions are fighting it. If it fails the saving throwit is charmed by you until the spell ends or until you or your companions do anything harmful to it. The charmed creature regards you as a friendly acquaintance. When the spell endsthe creature knows it was charmed by you.,No_AttackType,No_Damage,No_Heal,WIS
Chill-touch,0,Necromancy,No_Ritual,1 action,120 feet,No_AreaEffect,V/S,No_Concentration,1 round,You create a ghostlyskeletal hand in the space of a creature within range. Make a ranged spell attack against the creature to assail it with the chill of the grave. On a hitthe target takes 1d8 necrotic damageand it can't regain hit points until the start of your next turn. Until thenthe hand clings to the target.If you hit an undead targetit also has disadvantage on attack rolls against you until the end of your next turn.This spell's damage increases by 1d8 when you reach 5th level (2d8)11th level (3d8)and 17th level (4d8).,Ranged,Necrotic,1:1d8/5:2d8/11:3d8/17:4d8,No_Heal,No_SavingThrow
Circle-of-death,6,Necromancy,No_Ritual,1 action,150 feet,Sphere:60,V/S/M,No_Concentration,Instantaneous,A sphere of negative energy ripples out in a 60-foot radius sphere from a point within range. Each creature in that area must make a constitution saving throw. A target takes 8d6 necrotic damage on a failed saveor half as much damage on a successful one.,No_AttackType,Necrotic,6:8d6/7:10d6/8:12d6/9:14d6,No_Heal,CON
Clairvoyance,3,Divination,No_Ritual,10 minutes,1 mile,No_AreaEffect,V/S/M,concentration,Up to 10 minutes,You create an invisible sensor within range in a location familiar to you (a place you have visited or seen before) or in an obvious location that is unfamiliar to you (such as behind a dooraround a corneror in a grove of trees). The sensor remains in place for the durationand it can't be attacked or otherwise interacted with.When you cast the spellyou choose seeing or hearing. You can use the chosen sense through the sensor as if you were in its space. As your actionyou can switch between seeing and hearing.A creature that can see the sensor (such as a creature benefiting from see invisibility or truesight) sees a luminousintangible orb about the size of your fist.,No_AttackType,No_Damage,No_Heal,No_SavingThrow
Clone,8,Necromancy,No_Ritual,1 hour,Touch,No_AreaEffect,V/S/M,No_Concentration,Instantaneous,This spell grows an inert duplicate of a living creature as a safeguard against death. This clone forms inside a sealed vessel and grows to full size and maturity after 120 days; you can also choose to have the clone be a younger version of the same creature. It remains inert and endures indefinitelyas long as its vessel remains undisturbed.At any time after the clone maturesif the original creature diesits soul transfers to the cloneprovided that the soul is free and willing to return. The clone is physically identical to the original and has the same personalitymemoriesand abilitiesbut none of the original's equipment. The original creature's physical remainsif they still existbecome inert and can't thereafter be restored to lifesince the creature's soul is elsewhere.,No_AttackType,No_Damage,No_Heal,No_SavingThrow
Cloudkill,5,Conjuration,No_Ritual,1 action,120 feet,Sphere:20,V/S,concentration,Up to 10 minutes,You create a 20-foot-radius sphere of poisonousyellow-green fog centered on a point you choose within range. The fog spreads around corners. It lasts for the duration or until strong wind disperses the fogending the spell. Its area is heavily obscured.When a creature enters the spell's area for the first time on a turn or starts its turn therethat creature must make a constitution saving throw. The creature takes 5d8 poison damage on a failed saveor half as much damage on a successful one. Creatures are affected even if they hold their breath or don't need to breathe.The fog moves 10 feet away from you at the start of each of your turnsrolling along the surface of the ground. The vaporsbeing heavier than airsink to the lowest level of the landeven pouring down openings.,No_AttackType,Poison,5:5d8/6:6d8/7:7d8/8:8d8/9:9d8,No_Heal,CON
Color-spray,1,Illusion,No_Ritual,1 action,Self,Cone:15,V/S/M,No_Concentration,1 round,A dazzling array of flashingcolored light springs from your hand. Roll 6d10; the total is how many hit points of creatures this spell can effect. Creatures in a 15-foot cone originating from you are affected in ascending order of their current hit points (ignoring unconscious creatures and creatures that can't see).Starting with the creature that has the lowest current hit pointseach creature affected by this spell is blinded until the spell ends. Subtract each creature's hit points from the total before moving on to the creature with the next lowest hit points. A creature's hit points must be equal to or less than the remaining total for that creature to be affected.,No_AttackType,No_Damage,No_Heal,No_SavingThrow
Command,1,Enchantment,No_Ritual,1 action,60 feet,No_AreaEffect,V,No_Concentration,1 round,You speak a one-word command to a creature you can see within range. The target must succeed on a wisdom saving throw or follow the command on its next turn. The spell has no effect if the target is undeadif it doesn't understand your languageor if your command is directly harmful to it.Some typical commands and their effects follow. You might issue a command other than one described here. If you do sothe GM determines how the target behaves. If the target can't follow your commandthe spell ends.***Approach.*** The target moves toward you by the shortest and most direct routeending its turn if it moves within 5 feet of you.***Drop.*** The target drops whatever it is holding and then ends its turn.***Flee.*** The target spends its turn moving away from you by the fastest available means.***Grovel.*** The target falls prone and then ends its turn.***Halt.*** The target doesn't move and takes no actions. A flying creature stays aloftprovided that it is able to do so. If it must move to stay aloftit flies the minimum distance needed to remain in the air.,No_AttackType,No_Damage,No_Heal,WIS
Commune,5,Divination,Ritual,1 minute,Self,No_AreaEffect,V/S/M,No_Concentration,1 minute,You contact your deity or a divine proxy and ask up to three questions that can be answered with a yes or no. You must ask your questions before the spell ends. You receive a correct answer for each question.Divine beings aren't necessarily omniscientso you might receive "unclear" as an answer if a question pertains to information that lies beyond the deity's knowledge. In a case where a one-word answer could be misleading or contrary to the deity's intereststhe GM might offer a short phrase as an answer instead.If you cast the spell two or more times before finishing your next long restthere is a cumulative 25 percent chance for each casting after the first that you get no answer. The GM makes this roll in secret.,No_AttackType,No_Damage,No_Heal,No_SavingThrow
Commune-with-nature,5,Divination,Ritual,1 minute,Self,No_AreaEffect,V/S,No_Concentration,Instantaneous,You briefly become one with nature and gain knowledge of the surrounding territory. In the outdoorsthe spell gives you knowledge of the land within 3 miles of you. In caves and other natural underground settingsthe radius is limited to 300 feet. The spell doesn't function where nature has been replaced by constructionsuch as in dungeons and towns.You instantly gain knowledge of up to three facts of your choice about any of the following subjects as they relate to the area:- terrain and bodies of water- prevalent plantsmineralsanimalsor peoples- powerful celestialsfeyfiendselementalsor undead- influence from other planes of existence- buildingsFor exampleyou could determine the location of powerful undead in the areathe location of major sources of safe drinking waterand the location of any nearby towns.,No_AttackType,No_Damage,No_Heal,No_SavingThrow
Comprehend-languages,1,Divination,Ritual,1 action,Self,No_AreaEffect,V/S/M,No_Concentration,1 hour,For the durationyou understand the literal meaning of any spoken language that you hear. You also understand any written language that you seebut you must be touching the surface on which the words are written. It takes about 1 minute to read one page of text.This spell doesn't decode secret messages in a text or a glyphsuch as an arcane sigilthat isn't part of a written language.,No_AttackType,No_Damage,No_Heal,No_SavingThrow
Compulsion,4,Enchantment,No_Ritual,1 action,30 feet,No_AreaEffect,V/S,concentration,Up to 1 minute,Creatures of your choice that you can see within range and that can hear you must make a wisdom saving throw. A target automatically succeeds on this saving throw if it can't be charmed. On a failed savea target is affected by this spell. Until the spell endsyou can use a bonus action on each of your turns to designate a direction that is horizontal to you. Each affected target must use as much of its movement as possible to move in that direction on its next turn. It can take any action before it moves. After moving in this wayit can make another Wisdom save to try to end the effect.A target isn't compelled to move into an obviously deadly hazardsuch as a fire or a pitbut it will provoke opportunity attacks to move in the designated direction.,No_AttackType,No_Damage,No_Heal,WIS
Cone-of-cold,5,Evocation,No_Ritual,1 action,Self,Cone:60,V/S/M,No_Concentration,Instantaneous,A blast of cold air erupts from your hands. Each creature in a 60-foot cone must make a constitution saving throw. A creature takes 8d8 cold damage on a failed saveor half as much damage on a successful one.A creature killed by this spell becomes a frozen statue until it thaws.,No_AttackType,Cold,5:8d8/6:9d8/7:10d8/8:11d8/9:12d8,No_Heal,CON
Confusion,4,Enchantment,No_Ritual,1 action,90 feet,Sphere:10,V/S/M,concentration,Up to 1 minute,This spell assaults and twists creatures' mindsspawning delusions and provoking uncontrolled action. Each creature in a 10-foot-radius sphere centered on a point you choose within range must succeed on a Wisdom saving throw when you cast this spell or be affected by it.An affected target can't take reactions and must roll a d10 at the start of each of its turns to determine its behavior for that turn.| d10 | Behavior ||---|---|| 1 | The creature uses all its movement to move in a random direction. To determine the directionroll a d8 and assign a direction to each die face. The creature doesn't take an action this turn. || 2-6 | The creature doesn't move or take actions this turn. || 7-8 | The creature uses its action to make a melee attack against a randomly determined creature within its reach. If there is no creature within its reachthe creature does nothing this turn. || 9-10 | The creature can act and move normally. |At the end of each of its turnsan affected target can make a Wisdom saving throw. If it succeedsthis effect ends for that target.,No_AttackType,No_Damage,No_Heal,WIS
Conjure-animals,3,Conjuration,No_Ritual,1 action,60 feet,No_AreaEffect,V/S,concentration,Up to 1 hour,You summon fey spirits that take the form of beasts and appear in unoccupied spaces that you can see within range. Choose one of the following options for what appears:- One beast of challenge rating 2 or lower- Two beasts of challenge rating 1 or lower- Four beasts of challenge rating 1/2 or lower- Eight beasts of challenge rating 1/4 or lower- Each beast is also considered feyand it disappears when it drops to 0 hit points or when the spell ends.The summoned creatures are friendly to you and your companions. Roll initiative for the summoned creatures as a groupwhich has its own turns. They obey any verbal commands that you issue to them (no action required by you). If you don't issue any commands to themthey defend themselves from hostile creaturesbut otherwise take no actions.The GM has the creatures' statistics.,No_AttackType,No_Damage,No_Heal,No_SavingThrow
Conjure-celestial,7,Conjuration,No_Ritual,1 minute,90 feet,No_AreaEffect,V/S,concentration,Up to 1 hour,You summon a celestial of challenge rating 4 or lowerwhich appears in an unoccupied space that you can see within range. The celestial disappears when it drops to 0 hit points or when the spell ends.The celestial is friendly to you and your companions for the duration. Roll initiative for the celestialwhich has its own turns. It obeys any verbal commands that you issue to it (no action required by you)as long as they don't violate its alignment. If you don't issue any commands to the celestialit defends itself from hostile creatures but otherwise takes no actions.The GM has the celestial's statistics.,No_AttackType,No_Damage,No_Heal,No_SavingThrow
Conjure-elemental,5,Conjuration,No_Ritual,1 minute,90 feet,Cube:10,V/S/M,concentration,Up to 1 hour,You call forth an elemental servant. Choose an area of airearthfireor water that fills a 10-foot cube within range. An elemental of challenge rating 5 or lower appropriate to the area you chose appears in an unoccupied space within 10 feet of it. For examplea fire elemental emerges from a bonfireand an earth elemental rises up from the ground. The elemental disappears when it drops to 0 hit points or when the spell ends.The elemental is friendly to you and your companions for the duration. Roll initiative for the elementalwhich has its own turns. It obeys any verbal commands that you issue to it (no action required by you). If you don't issue any commands to the elementalit defends itself from hostile creatures but otherwise takes no actions.If your concentration is brokenthe elemental doesn't disappear. Insteadyou lose control of the elementalit becomes hostile toward you and your companionsand it might attack. An uncontrolled elemental can't be dismissed by youand it disappears 1 hour after you summoned it.The GM has the elemental's statistics.,No_AttackType,No_Damage,No_Heal,No_SavingThrow
Conjure-fey,6,Conjuration,No_Ritual,1 minute,90 feet,No_AreaEffect,V/S,concentration,Up to 1 hour,You summon a fey creature of challenge rating 6 or loweror a fey spirit that takes the form of a beast of challenge rating 6 or lower. It appears in an unoccupied space that you can see within range. The fey creature disappears when it drops to 0 hit points or when the spell ends.The fey creature is friendly to you and your companions for the duration. Roll initiative for the creaturewhich has its own turns. It obeys any verbal commands that you issue to it (no action required by you)as long as they don't violate its alignment. If you don't issue any commands to the fey creatureit defends itself from hostile creatures but otherwise takes no actions.If your concentration is brokenthe fey creature doesn't disappear. Insteadyou lose control of the fey creatureit becomes hostile toward you and your companionsand it might attack. An uncontrolled fey creature can't be dismissed by youand it disappears 1 hour after you summoned it.The GM has the fey creature's statistics.,No_AttackType,No_Damage,No_Heal,No_SavingThrow
Conjure-minor-elementals,4,Conjuration,No_Ritual,1 minute,90 feet,No_AreaEffect,V/S,concentration,Up to 1 hour,You summon elementals that appear in unoccupied spaces that you can see within range. You choose one the following options for what appears:- One elemental of challenge rating 2 or lower- Two elementals of challenge rating 1 or lower- Four elementals of challenge rating 1/2 or lower- Eight elementals of challenge rating 1/4 or lower.An elemental summoned by this spell disappears when it drops to 0 hit points or when the spell ends.The summoned creatures are friendly to you and your companions. Roll initiative for the summoned creatures as a groupwhich has its own turns. They obey any verbal commands that you issue to them (no action required by you). If you don't issue any commands to themthey defend themselves from hostile creaturesbut otherwise take no actions.The GM has the creatures' statistics.,No_AttackType,No_Damage,No_Heal,No_SavingThrow
Conjure-woodland-beings,4,Conjuration,No_Ritual,1 action,60 feet,No_AreaEffect,V/S/M,concentration,Up to 1 hour,You summon fey creatures that appear in unoccupied spaces that you can see within range. Choose one of the following options for what appears:- One fey creature of challenge rating 2 or lower- Two fey creatures of challenge rating 1 or lower- Four fey creatures of challenge rating 1/2 or lower- Eight fey creatures of challenge rating 1/4 or lowerA summoned creature disappears when it drops to 0 hit points or when the spell ends.The summoned creatures are friendly to you and your companions. Roll initiative for the summoned creatures as a groupwhich have their own turns. They obey any verbal commands that you issue to them (no action required by you). If you don't issue any commands to themthey defend themselves from hostile creaturesbut otherwise take no actions.The GM has the creatures' statistics.,No_AttackType,No_Damage,No_Heal,No_SavingThrow
Contact-other-plane,5,Divination,Ritual,1 minute,Self,No_AreaEffect,V,No_Concentration,1 minute,You mentally contact a demigodthe spirit of a long-dead sageor some other mysterious entity from another plane. Contacting this extraplanar intelligence can strain or even break your mind. When you cast this spellmake a DC 15 intelligence saving throw. On a failureyou take 6d6 psychic damage and are insane until you finish a long rest. While insaneyou can't take actionscan't understand what other creatures saycan't readand speak only in gibberish. A greater restoration spell cast on you ends this effect.On a successful saveyou can ask the entity up to five questions. You must ask your questions before the spell ends. The GM answers each question with one wordsuch as "yes" "no" "maybe" "never" "irrelevant" or "unclear" (if the entity doesn't know the answer to the question). If a one-word answer would be misleadingthe GM might instead offer a short phrase as an answer.,No_AttackType,No_Damage,No_Heal,INT
Contagion,5,Necromancy,No_Ritual,1 action,Touch,No_AreaEffect,V/S,No_Concentration,7 days,Your touch inflicts disease. Make a melee spell attack against a creature within your reach. On a hityou afflict the creature with a disease of your choice from any of the ones described below.At the end of each of the target's turnsit must make a constitution saving throw. After failing three of these saving throwsthe disease's effects last for the durationand the creature stops making these saves. After succeeding on three of these saving throwsthe creature recovers from the diseaseand the spell ends.Since this spell induces a natural disease in its targetany effect that removes a disease or otherwise ameliorates a disease's effects apply to it.***Blinding Sickness.*** Pain grips the creature's mindand its eyes turn milky white. The creature has disadvantage on wisdom checks and wisdom saving throws and is blinded.***Filth Fever.*** A raging fever sweeps through the creature's body. The creature has disadvantage on strength checksstrength saving throwsand attack rolls that use Strength.***Flesh Rot.*** The creature's flesh decays. The creature has disadvantage on Charisma checks and vulnerability to all damage.***Mindfire.*** The creature's mind becomes feverish. The creature has disadvantage on intelligence checks and intelligence saving throwsand the creature behaves as if under the effects of the confusion spell during combat.***Seizure.*** The creature is overcome with shaking. The creature has disadvantage on dexterity checksdexterity saving throwsand attack rolls that use Dexterity.***Slimy Doom.*** The creature begins to bleed uncontrollably. The creature has disadvantage on constitution checks and constitution saving throws. In additionwhenever the creature takes damageit is stunned until the end of its next turn.,Melee,No_Damage,No_Heal,CON
Contingency,6,Evocation,No_Ritual,10 minutes,Self,No_AreaEffect,V/S/M,No_Concentration,10 days,Choose a spell of 5th level or lower that you can castthat has a casting time of 1 actionand that can target you. You cast that spell--called the contingent spell--as part of casting contingencyexpending spell slots for bothbut the contingent spell doesn't come into effect. Insteadit takes effect when a certain circumstance occurs. You describe that circumstance when you cast the two spells. For examplea contingency cast with water breathing might stipulate that water breathing comes into effect when you are engulfed in water or a similar liquid.The contingent spell takes effect immediately after the circumstance is met for the first timewhether or not you want it to. and then contingency ends.The contingent spell takes effect only on youeven if it can normally target others. You can use only one contingency spell at a time. If you cast this spell againthe effect of another contingency spell on you ends. Alsocontingency ends on you if its material component is ever not on your person.,No_AttackType,No_Damage,No_Heal,No_SavingThrow
Continual-flame,2,Evocation,No_Ritual,1 action,Touch,No_AreaEffect,V/S/M,No_Concentration,Until dispelled,A flameequivalent in brightness to a torchsprings forth from an object that you touch. The effect looks like a regular flamebut it creates no heat and doesn't use oxygen. A continual flame can be covered or hidden but not smothered or quenched.,No_AttackType,No_Damage,No_Heal,No_SavingThrow
Control-water,4,Transmutation,No_Ritual,1 action,300 feet,Cube:100,V/S/M,concentration,Up to 10 minutes,Until the spell endsyou control any freestanding water inside an area you choose that is a cube up to 100 feet on a side. You can choose from any of the following effects when you cast this spell. As an action on your turnyou can repeat the same effect or choose a different one.***Flood.*** You cause the water level of all standing water in the area to rise by as much as 20 feet. If the area includes a shorethe flooding water spills over onto dry land.If you choose an area in a large body of wateryou instead create a 20-foot tall wave that travels from one side of the area to the other and then crashes down. Any Huge or smaller vehicles in the wave's path are carried with it to the other side. Any Huge or smaller vehicles struck by the wave have a 25 percent chance of capsizing.The water level remains elevated until the spell ends or you choose a different effect. If this effect produced a wavethe wave repeats on the start of your next turn while the flood effect lasts.***Part Water.*** You cause water in the area to move apart and create a trench. The trench extends across the spell's areaand the separated water forms a wall to either side. The trench remains until the spell ends or you choose a different effect. The water then slowly fills in the trench over the course of the next round until the normal water level is restored.***Redirect Flow.*** You cause flowing water in the area to move in a direction you chooseeven if the water has to flow over obstaclesup wallsor in other unlikely directions. The water in the area moves as you direct itbut once it moves beyond the spell's areait resumes its flow based on the terrain conditions. The water continues to move in the direction you chose until the spell ends or you choose a different effect.***Whirlpool.*** This effect requires a body of water at least 50 feet square and 25 feet deep. You cause a whirlpool to form in the center of the area. The whirlpool forms a vortex that is 5 feet wide at the baseup to 50 feet wide at the topand 25 feet tall. Any creature or object in the water and within 25 feet of the vortex is pulled 10 feet toward it. A creature can swim away from the vortex by making a Strength (Athletics) check against your spell save DC.When a creature enters the vortex for the first time on a turn or starts its turn thereit must make a strength saving throw. On a failed savethe creature takes 2d8 bludgeoning damage and is caught in the vortex until the spell ends. On a successful savethe creature takes half damageand isn't caught in the vortex. A creature caught in the vortex can use its action to try to swim away from the vortex as described abovebut has disadvantage on the Strength (Athletics) check to do so.The first time each turn that an object enters the vortexthe object takes 2d8 bludgeoning damage; this damage occurs each round it remains in the vortex.,No_AttackType,Bludgeoning,4:2d8,No_Heal,STR
Control-weather,8,Transmutation,No_Ritual,10 minutes,Self,No_AreaEffect,V/S/M,concentration,Up to 8 hours,You take control of the weather within 5 miles of you for the duration. You must be outdoors to cast this spell. Moving to a place where you don't have a clear path to the sky ends the spell early.When you cast the spellyou change the current weather conditionswhich are determined by the GM based on the climate and season. You can change precipitationtemperatureand wind. It takes 1d4 x 10 minutes for the new conditions to take effect. Once they do soyou can change the conditions again. When the spell endsthe weather gradually returns to normal.When you change the weather conditionsfind a current condition on the following tables and change its stage by oneup or down. When changing the windyou can change its direction.##### Precipitation| Stage | Condition ||---|---|| 1 | Clear || 2 | Light clouds || 3 | Overcast or ground fog || 4 | Rainhailor snow || 5 | Torrential raindriving hailor blizzard |##### Temperature| Stage | Condition ||---|---|| 1 | Unbearable heat || 2 | Hot || 3 | Warm || 4 | Cool || 5 | Cold || 6 | Arctic cold |##### Wind| Stage | Condition ||---|---|| 1 | Calm || 2 | Moderate wind || 3 | Strong wind || 4 | Gale || 5 | Storm |,No_AttackType,No_Damage,No_Heal,No_SavingThrow
Counterspell,3,Abjuration,No_Ritual,1 reaction,60 feet,No_AreaEffect,S,No_Concentration,Instantaneous,You attempt to interrupt a creature in the process of casting a spell. If the creature is casting a spell of 3rd level or lowerits spell fails and has no effect. If it is casting a spell of 4th level or highermake an ability check using your spellcasting ability. The DC equals 10 + the spell's level. On a successthe creature's spell fails and has no effect.,No_AttackType,No_Damage,No_Heal,No_SavingThrow
Create-food-and-water,3,Conjuration,No_Ritual,1 action,30 feet,No_AreaEffect,V/S,No_Concentration,Instantaneous,You create 45 pounds of food and 30 gallons of water on the ground or in containers within rangeenough to sustain up to fifteen humanoids or five steeds for 24 hours. The food is bland but nourishingand spoils if uneaten after 24 hours. The water is clean and doesn't go bad.,No_AttackType,No_Damage,No_Heal,No_SavingThrow
Create-or-destroy-water,1,Transmutation,No_Ritual,1 action,30 feet,Cube:30,V/S/M,No_Concentration,Instantaneous,You either create or destroy water.***Create Water.*** You create up to 10 gallons of clean water within range in an open container. Alternativelythe water falls as rain in a 30-foot cube within range.***Destroy Water.*** You destroy up to 10 gallons of water in an open container within range. Alternativelyyou destroy fog in a 30-foot cube within range.,No_AttackType,No_Damage,No_Heal,No_SavingThrow
Create-undead,6,Necromancy,No_Ritual,1 minute,10 feet,No_AreaEffect,V/S/M,No_Concentration,Instantaneous,You can cast this spell only at night. Choose up to three corpses of Medium or Small humanoids within range. Each corpse becomes a ghoul under your control. (The GM has game statistics for these creatures.)As a bonus action on each of your turnsyou can mentally command any creature you animated with this spell if the creature is within 120 feet of you (if you control multiple creaturesyou can command any or all of them at the same timeissuing the same command to each one). You decide what action the creature will take and where it will move during its next turnor you can issue a general commandsuch as to guard a particular chamber or corridor. If you issue no commandsthe creature only defends itself against hostile creatures. Once given an orderthe creature continues to follow it until its task is complete.The creature is under your control for 24 hoursafter which it stops obeying any command you have given it. To maintain control of the creature for another 24 hoursyou must cast this spell on the creature before the current 24-hour period ends. This use of the spell reasserts your control over up to three creatures you have animated with this spellrather than animating new ones.,No_AttackType,No_Damage,No_Heal,No_SavingThrow
Creation,5,Illusion,No_Ritual,1 minute,30 feet,Cube:5,V/S/M,No_Concentration,Special,You pull wisps of shadow material from the Shadowfell to create a nonliving object of vegetable matter within range: soft goodsropewoodor something similar. You can also use this spell to create mineral objects such as stonecrystalor metal. The object created must be no larger than a 5-foot cubeand the object must be of a form and material that you have seen before.The duration depends on the object's material. If the object is composed of multiple materialsuse the shortest duration.| Material | Duration ||---|---|| Vegetable matter | 1 day || Stone or crystal | 12 hours || Precious metals | 1 hour || Gems | 10 minutes || Adamantine or mithral | 1 minute |Using any material created by this spell as another spell's material component causes that spell to fail.,No_AttackType,No_Damage,No_Heal,No_SavingThrow
Cure-wounds,1,Evocation,No_Ritual,1 action,Touch,No_AreaEffect,V/S,No_Concentration,Instantaneous,A creature you touch regains a number of hit points equal to 1d8 + your spellcasting ability modifier. This spell has no effect on undead or constructs.,No_AttackType,No_Damage,1:1d8 + MOD/2:2d8 + MOD/3:3d8 + MOD/4:4d8 + MOD/5:5d8 + MOD/6:6d8 + MOD/7:7d8 + MOD/8:8d8 + MOD/9:9d8 + MOD,No_SavingThrow
Dancing-lights,0,Evocation,No_Ritual,1 action,120 feet,No_AreaEffect,V/S/M,concentration,Up to 1 minute,You create up to four torch-sized lights within rangemaking them appear as torcheslanternsor glowing orbs that hover in the air for the duration. You can also combine the four lights into one glowing vaguely humanoid form of Medium size. Whichever form you chooseeach light sheds dim light in a 10-foot radius.As a bonus action on your turnyou can move the lights up to 60 feet to a new spot within range. A light must be within 20 feet of another light created by this spelland a light winks out if it exceeds the spell's range.,No_AttackType,No_Damage,No_Heal,No_SavingThrow
Darkness,2,Evocation,No_Ritual,1 action,60 feet,Sphere:15,V/M,concentration,Up to 10 minutes,Magical darkness spreads from a point you choose within range to fill a 15-foot-radius sphere for the duration. The darkness spreads around corners. A creature with darkvision can't see through this darknessand nonmagical light can't illuminate it.If the point you choose is on an object you are holding or one that isn't being worn or carriedthe darkness emanates from the object and moves with it. Completely covering the source of the darkness with an opaque objectsuch as a bowl or a helmblocks the darkness.If any of this spell's area overlaps with an area of light created by a spell of 2nd level or lowerthe spell that created the light is dispelled.,No_AttackType,No_Damage,No_Heal,No_SavingThrow
Darkvision,2,Transmutation,No_Ritual,1 action,Touch,No_AreaEffect,V/S/M,No_Concentration,8 hours,You touch a willing creature to grant it the ability to see in the dark. For the durationthat creature has darkvision out to a range of 60 feet.,No_AttackType,No_Damage,No_Heal,No_SavingThrow
Daylight,3,Evocation,No_Ritual,1 action,60 feet,Sphere:60,V/S,No_Concentration,1 hour,A 60-foot-radius sphere of light spreads out from a point you choose within range. The sphere is bright light and sheds dim light for an additional 60 feet.If you chose a point on an object you are holding or one that isn't being worn or carriedthe light shines from the object and moves with it. Completely covering the affected object with an opaque objectsuch as a bowl or a helmblocks the light.If any of this spell's area overlaps with an area of darkness created by a spell of 3rd level or lowerthe spell that created the darkness is dispelled.,No_AttackType,No_Damage,No_Heal,No_SavingThrow
Death-ward,4,Abjuration,No_Ritual,1 action,Touch,No_AreaEffect,V/S,No_Concentration,8 hours,You touch a creature and grant it a measure of protection from death.The first time the target would drop to 0 hit points as a result of taking damagethe target instead drops to 1 hit pointand the spell ends.If the spell is still in effect when the target is subjected to an effect that would kill it instantaneously without dealing damagethat effect is instead negated against the targetand the spell ends.,No_AttackType,No_Damage,No_Heal,No_SavingThrow
Delayed-blast-fireball,7,Evocation,No_Ritual,1 action,150 feet,Sphere:20,V/S/M,concentration,Up to 1 minute,A beam of yellow light flashes from your pointing fingerthen condenses to linger at a chosen point within range as a glowing bead for the duration. When the spell endseither because your concentration is broken or because you decide to end itthe bead blossoms with a low roar into an explosion of flame that spreads around corners. Each creature in a 20-foot-radius sphere centered on that point must make a dexterity saving throw. A creature takes fire damage equal to the total accumulated damage on a failed saveor half as much damage on a successful one.The spell's base damage is 12d6. If at the end of your turn the bead has not yet detonatedthe damage increases by 1d6.If the glowing bead is touched before the interval has expiredthe creature touching it must make a dexterity saving throw. On a failed savethe spell ends immediatelycausing the bead to erupt in flame. On a successful savethe creature can throw the bead up to 40 feet. When it strikes a creature or a solid objectthe spell endsand the bead explodes.The fire damages objects in the area and ignites flammable objects that aren't being worn or carried.,No_AttackType,Fire,7:12d6/8:13d6/9:14d6,No_Heal,DEX
Demiplane,8,Conjuration,No_Ritual,1 action,60 feet,No_AreaEffect,S,No_Concentration,1 hour,You create a shadowy door on a flat solid surface that you can see within range. The door is large enough to allow Medium creatures to pass through unhindered. When openedthe door leads to a demiplane that appears to be an empty room 30 feet in each dimensionmade of wood or stone. When the spell endsthe door disappearsand any creatures or objects inside the demiplane remain trapped thereas the door also disappears from the other side.Each time you cast this spellyou can create a new demiplaneor have the shadowy door connect to a demiplane you created with a previous casting of this spell. Additionallyif you know the nature and contents of a demiplane created by a casting of this spell by another creatureyou can have the shadowy door connect to its demiplane instead.,No_AttackType,No_Damage,No_Heal,No_SavingThrow
Detect-evil-and-good,1,Divination,No_Ritual,1 action,Self,Sphere:30,V/S,concentration,Up to 10 minutes,For the durationyou know if there is an aberrationcelestialelementalfeyfiendor undead within 30 feet of youas well as where the creature is located. Similarlyyou know if there is a place or object within 30 feet of you that has been magically consecrated or desecrated.The spell can penetrate most barriersbut it is blocked by 1 foot of stone1 inch of common metala thin sheet of leador 3 feet of wood or dirt.,No_AttackType,No_Damage,No_Heal,No_SavingThrow
Detect-magic,1,Divination,Ritual,1 action,Self,Sphere:30,V/S,concentration,Up to 10 minutes,For the durationyou sense the presence of magic within 30 feet of you. If you sense magic in this wayyou can use your action to see a faint aura around any visible creature or object in the area that bears magicand you learn its school of magicif any.The spell can penetrate most barriersbut it is blocked by 1 foot of stone1 inch of common metala thin sheet of leador 3 feet of wood or dirt.,No_AttackType,No_Damage,No_Heal,No_SavingThrow
Detect-poison-and-disease,1,Divination,Ritual,1 action,Self,Sphere:30,V/S/M,concentration,Up to 10 minutes,For the durationyou can sense the presence and location of poisonspoisonous creaturesand diseases within 30 feet of you. You also identify the kind of poisonpoisonous creatureor disease in each case.The spell can penetrate most barriersbut it is blocked by 1 foot of stone1 inch of common metala thin sheet of leador 3 feet of wood or dirt.,No_AttackType,No_Damage,No_Heal,No_SavingThrow
Detect-thoughts,2,Divination,No_Ritual,1 action,Self,No_AreaEffect,V/S/M,concentration,Up to 1 minute,For the durationyou can read the thoughts of certain creatures. When you cast the spell and as your action on each turn until the spell endsyou can focus your mind on any one creature that you can see within 30 feet of you. If the creature you choose has an Intelligence of 3 or lower or doesn't speak any languagethe creature is unaffected.You initially learn the surface thoughts of the creature - what is most on its mind in that moment. As an actionyou can either shift your attention to another creature's thoughts or attempt to probe deeper into the same creature's mind. If you probe deeperthe target must make a Wisdom saving throw. If it failsyou gain insight into its reasoning (if any)its emotional stateand something that looms large in its mind (such as something it worries overlovesor hates). If it succeedsthe spell ends. Either waythe target knows that you are probing into its mindand unless you shift your attention to another creature's thoughtsthe creature can use its action on its turn to make an Intelligence check contested by your Intelligence check; if it succeedsthe spell ends.Questions verbally directed at the target creature naturally shape the course of its thoughtsso this spell is particularly effective as part of an interrogation.You can also use this spell to detect the presence of thinking creatures you can't see. When you cast the spell or as your action during the durationyou can search for thoughts within 30 feet of you. The spell can penetrate barriersbut 2 feet of rock2 inches of any metal other than leador a thin sheet of lead blocks you. You can't detect a creature with an Intelligence of 3 or lower or one that doesn't speak any language.Once you detect the presence of a creature in this wayyou can read its thoughts for the rest of the duration as described aboveeven if you can't see itbut it must still be within range.,No_AttackType,No_Damage,No_Heal,No_SavingThrow
Dimension-door,4,Conjuration,No_Ritual,1 action,500 feet,No_AreaEffect,V,No_Concentration,Instantaneous,You teleport yourself from your current location to any other spot within range. You arrive at exactly the spot desired. It can be a place you can seeone you can visualizeor one you can describe by stating distance and directionsuch as "200 feet straight downward" or "upward to the northwest at a 45-degree angle300 feet."You can bring along objects as long as their weight doesn't exceed what you can carry. You can also bring one willing creature of your size or smaller who is carrying gear up to its carrying capacity. The creature must be within 5 feet of you when you cast this spell.If you would arrive in a place already occupied by an object or a creatureyou and any creature traveling with you each take 4d6 force damageand the spell fails to teleport you.,No_AttackType,Force,4:4d6,No_Heal,No_SavingThrow
Disguise-self,1,Illusion,No_Ritual,1 action,Self,No_AreaEffect,V/S,No_Concentration,1 hour,You make yourself--including your clothingarmorweaponsand other belongings on your person--look different until the spell ends or until you use your action to dismiss it. You can seem 1 foot shorter or taller and can appear thinfator in between. You can't change your body typeso you must adopt a form that has the same basic arrangement of limbs. Otherwisethe extent of the illusion is up to you.The changes wrought by this spell fail to hold up to physical inspection. For exampleif you use this spell to add a hat to your outfitobjects pass through the hatand anyone who touches it would feel nothing or would feel your head and hair. If you use this spell to appear thinner than you arethe hand of someone who reaches out to touch you would bump into you while it was seemingly still in midair.To discern that you are disguiseda creature can use its action to inspect your appearance and must succeed on an Intelligence (Investigation) check against your spell save DC.,No_AttackType,No_Damage,No_Heal,No_SavingThrow
Disintegrate,6,Transmutation,No_Ritual,1 action,60 feet,Cube:10,V/S/M,No_Concentration,Instantaneous,A thin green ray springs from your pointing finger to a target that you can see within range. The target can be a creaturean objector a creation of magical forcesuch as the wall created by wall of force.A creature targeted by this spell must make a dexterity saving throw. On a failed savethe target takes 10d6 + 40 force damage. If this damage reduces the target to 0 hit pointsit is disintegrated.A disintegrated creature and everything it is wearing and carryingexcept magic itemsare reduced to a pile of fine gray dust. The creature can be restored to life only by means of a true resurrection or a wish spell.This spell automatically disintegrates a Large or smaller nonmagical object or a creation of magical force. If the target is a Huge or larger object or creation of forcethis spell disintegrates a 10-foot-cube portion of it. A magic item is unaffected by this spell.,No_AttackType,Force,6:10d6 + 40,No_Heal,DEX
Dispel-evil-and-good,5,Abjuration,No_Ritual,1 action,Self,No_AreaEffect,V/S/M,concentration,Up to 1 minute,Shimmering energy surrounds and protects you from feyundeadand creatures originating from beyond the Material Plane. For the durationcelestialselementalsfeyfiendsand undead have disadvantage on attack rolls against you.You can end the spell early by using either of the following special functions.***Break Enchantment.*** As your actionyou touch a creature you can reach that is charmedfrightenedor possessed by a celestialan elementala feya fiendor an undead. The creature you touch is no longer charmedfrightenedor possessed by such creatures.***Dismissal.*** As your actionmake a melee spell attack against a celestialan elementala feya fiendor an undead you can reach. On a hityou attempt to drive the creature back to its home plane. The creature must succeed on a charisma saving throw or be sent back to its home plane (if it isn't there already). If they aren't on their home planeundead are sent to the Shadowfelland fey are sent to the Feywild.,No_AttackType,No_Damage,No_Heal,CHA
Dispel-magic,3,Abjuration,No_Ritual,1 action,120 feet,No_AreaEffect,V/S,No_Concentration,Instantaneous,Choose one creatureobjector magical effect within range. Any spell of 3rd level or lower on the target ends. For each spell of 4th level or higher on the targetmake an ability check using your spellcasting ability. The DC equals 10 + the spell's level. On a successful checkthe spell ends.,No_AttackType,No_Damage,No_Heal,No_SavingThrow
Divination,4,Divination,Ritual,1 action,Self,No_AreaEffect,V/S/M,No_Concentration,Instantaneous,Your magic and an offering put you in contact with a god or a god's servants. You ask a single question concerning a specific goaleventor activity to occur within 7 days. The GM offers a truthful reply. The reply might be a short phrasea cryptic rhymeor an omen.The spell doesn't take into account any possible circumstances that might change the outcomesuch as the casting of additional spells or the loss or gain of a companion.If you cast the spell two or more times before finishing your next long restthere is a cumulative 25 percent chance for each casting after the first that you get a random reading. The GM makes this roll in secret.,No_AttackType,No_Damage,No_Heal,No_SavingThrow
Divine-favor,1,Evocation,No_Ritual,1 bonus action,Self,No_AreaEffect,V/S,concentration,Up to 1 minute,Your prayer empowers you with divine radiance. Until the spell endsyour weapon attacks deal an extra 1d4 radiant damage on a hit.,No_AttackType,Radiant,1:1d4,No_Heal,No_SavingThrow
Divine-word,7,Evocation,No_Ritual,1 bonus action,30 feet,No_AreaEffect,V,No_Concentration,Instantaneous,You utter a divine wordimbued with the power that shaped the world at the dawn of creation. Choose any number of creatures you can see within range. Each creature that can hear you must make a Charisma saving throw. On a failed savea creature suffers an effect based on its current hit points:- 50 hit points or fewer: deafened for 1 minute- 40 hit points or fewer: deafened and blinded for 10 minutes- 30 hit points or fewer: blindeddeafenedand stunned for 1 hour- 20 hit points or fewer: killed instantlyRegardless of its current hit pointsa celestialan elementala feyor a fiend that fails its save is forced back to its plane of origin (if it isn't there already) and can't return to your current plane for 24 hours by any means short of a wish spell.,No_AttackType,No_Damage,No_Heal,CHA
Dominate-beast,4,Enchantment,No_Ritual,1 action,60 feet,No_AreaEffect,V/S,concentration,Up to 1 minute,You attempt to beguile a creature that you can see within range. It must succeed on a wisdom saving throw or be charmed by you for the duration. If you or creatures that are friendly to you are fighting itit has advantage on the saving throw.While the creature is charmedyou have a telepathic link with it as long as the two of you are on the same plane of existence. You can use this telepathic link to issue commands to the creature while you are conscious (no action required)which it does its best to obey. You can specify a simple and general course of actionsuch as "Attack that creature" "Run over there" or "Fetch that object." If the creature completes the order and doesn't receive further direction from youit defends and preserves itself to the best of its ability.You can use your action to take total and precise control of the target. Until the end of your next turnthe creature takes only the actions you chooseand doesn't do anything that you don't allow it to do. During this timeyou can also cause the creature to use a reactionbut this requires you to use your own reaction as well. Each time the target takes damageit makes a new wisdom saving throw against the spell. If the saving throw succeedsthe spell ends.,No_AttackType,No_Damage,No_Heal,WIS
Dominate-monster,8,Enchantment,No_Ritual,1 action,60 feet,No_AreaEffect,V/S,concentration,Up to 1 hour,You attempt to beguile a creature that you can see within range. It must succeed on a wisdom saving throw or be charmed by you for the duration. If you or creatures that are friendly to you are fighting itit has advantage on the saving throw.While the creature is charmedyou have a telepathic link with it as long as the two of you are on the same plane of existence. You can use this telepathic link to issue commands to the creature while you are conscious (no action required)which it does its best to obey. You can specify a simple and general course of actionsuch as "Attack that creature" "Run over there" or "Fetch that object." If the creature completes the order and doesn't receive further direction from youit defends and preserves itself to the best of its ability.You can use your action to take total and precise control of the target. Until the end of your next turnthe creature takes only the actions you chooseand doesn't do anything that you don't allow it to do. During this timeyou can also cause the creature to use a reactionbut this requires you to use your own reaction as well.Each time the target takes damageit makes a new wisdom saving throw against the spell. If the saving throw succeedsthe spell ends.,No_AttackType,No_Damage,No_Heal,WIS
Dominate-person,5,Enchantment,No_Ritual,1 action,60 feet,No_AreaEffect,V/S,concentration,Up to 1 minute,You attempt to beguile a humanoid that you can see within range. It must succeed on a wisdom saving throw or be charmed by you for the duration. If you or creatures that are friendly to you are fighting itit has advantage on the saving throw.While the target is charmedyou have a telepathic link with it as long as the two of you are on the same plane of existence. You can use this telepathic link to issue commands to the creature while you are conscious (no action required)which it does its best to obey. You can specify a simple and general course of actionsuch as "Attack that creature" "Run over there" or "Fetch that object." If the creature completes the order and doesn't receive further direction from youit defends and preserves itself to the best of its ability.You can use your action to take total and precise control of the target. Until the end of your next turnthe creature takes only the actions you chooseand doesn't do anything that you don't allow it to do. During this time you can also cause the creature to use a reactionbut this requires you to use your own reaction as well.Each time the target takes damageit makes a new wisdom saving throw against the spell. If the saving throw succeedsthe spell ends.,No_AttackType,No_Damage,No_Heal,WIS
Dream,5,Illusion,No_Ritual,1 minute,Special,No_AreaEffect,V/S/M,No_Concentration,8 hours,This spell shapes a creature's dreams. Choose a creature known to you as the target of this spell. The target must be on the same plane of existence as you. Creatures that don't sleepsuch as elvescan't be contacted by this spell. Youor a willing creature you touchenters a trance stateacting as a messenger.While in the trancethe messenger is aware of his or her surroundingsbut can't take actions or move.If the target is asleepthe messenger appears in the target's dreams and can converse with the target as long as it remains asleepthrough the duration of the spell. The messenger can also shape the environment of the dreamcreating landscapesobjectsand other images. The messenger can emerge from the trance at any timeending the effect of the spell early. The target recalls the dream perfectly upon waking. If the target is awake when you cast the spellthe messenger knows itand can either end the trance (and the spell) or wait for the target to fall asleepat which point the messenger appears in the target's dreams.You can make the messenger appear monstrous and terrifying to the target. If you dothe messenger can deliver a message of no more than ten words and then the target must make a wisdom saving throw. On a failed saveechoes of the phantasmal monstrosity spawn a nightmare that lasts the duration of the target's sleep and prevents the target from gaining any benefit from that rest. In additionwhen the target wakes upit takes 3d6 psychic damage.If you have a body partlock of hairclipping from a nailor similar portion of the target's bodythe target makes its saving throw with disadvantage.,No_AttackType,Psychic,5:3d6,No_Heal,WIS
Druidcraft,0,Transmutation,No_Ritual,1 action,30 feet,No_AreaEffect,V/S,No_Concentration,Instantaneous,Whispering to the spirits of natureyou create one of the following effects within 'range':- You create a tinyharmless sensory effect that predicts what the weather will be at your location for the next 24 hours. The effect might manifest as a golden orb for clear skiesa cloud for rainfalling snowflakes for snowand so on. This effect persists for 1 round.- You instantly make a flower blooma seed pod openor a leaf bud bloom.- You create an instantaneousharmless sensory effectsuch as falling leavesa puff of windthe sound of a small animalor the faint order of skunk. The effect must fit in a 5-foot cube.- You instantly light or snuff out a candlea torchor a small campfire.,No_AttackType,No_Damage,No_Heal,No_SavingThrow
Earthquake,8,Evocation,No_Ritual,1 action,500 feet,Sphere:100,V/S/M,concentration,Up to 1 minute,You create a seismic disturbance at a point on the ground that you can see within range. For the durationan intense tremor rips through the ground in a 100-foot-radius circle centered on that point and shakes creatures and structures in contact with the ground in that area.The ground in the area becomes difficult terrain. Each creature on the ground that is concentrating must make a constitution saving throw. On a failed savethe creature's concentration is broken.When you cast this spell and at the end of each turn you spend concentrating on iteach creature on the ground in the area must make a dexterity saving throw. On a failed savethe creature is knocked prone.This spell can have additional effects depending on the terrain in the areaas determined by the GM.Fissures. Fissures open throughout the spell's area at the start of your next turn after you cast the spell. A total of 1d6 such fissures open in locations chosen by the GM. Each is 1d10 x 10 feet deep10 feet wideand extends from one edge of the spell's area to the opposite side. A creature standing on a spot where a fissure opens must succeed on a dexterity saving throw or fall in. A creature that successfully saves moves with the fissure's edge as it opens.A fissure that opens beneath a structure causes it to automatically collapse (see below).Structures. The tremor deals 50 bludgeoning damage to any structure in contact with the ground in the area when you cast the spell and at the start of each of your turns until the spell ends. If a structure drops to 0 hit pointsit collapses and potentially damages nearby creatures. A creature within half the distance of a structure's height must make a dexterity saving throw. On a failed savethe creature takes 5d6 bludgeoning damageis knocked proneand is buried in the rubblerequiring a DC 20 Strength (Athletics) check as an action to escape. The GM can adjust the DC higher or lowerdepending on the nature of the rubble. On a successful savethe creature takes half as much damage and doesn't fall prone or become buried.,No_AttackType,No_Damage,No_Heal,No_SavingThrow
Eldritch-blast,0,Evocation,No_Ritual,1 action,120 feet,No_AreaEffect,V/S,No_Concentration,Instantaneous,A beam of crackling energy streaks toward a creature within range. Make a ranged spell attack against the target. On a hitthe target takes 1d10 force damage. The spell creates more than one beam when you reach higher levels: two beams at 5th levelthree beams at 11th leveland four beams at 17th level. You can direct the beams at the same target or at different ones. Make a separate attack roll for each beam.,Ranged,Force,1:1d10/5:1d10/11:1d10/17:1d10,No_Heal,No_SavingThrow
Enhance-ability,2,Transmutation,No_Ritual,1 action,Touch,No_AreaEffect,V/S/M,concentration,Up to 1 hour,You touch a creature and bestow upon it a magical enhancement. Choose one of the following effects; the target gains that effect until the spell ends.***Bear's Endurance.*** The target has advantage on constitution checks. It also gains 2d6 temporary hit pointswhich are lost when the spell ends.***Bull's Strength.*** The target has advantage on strength checksand his or her carrying capacity doubles.***Cat's Grace.*** The target has advantage on dexterity checks. It also doesn't take damage from falling 20 feet or less if it isn't incapacitated.***Eagle's Splendor.*** The target has advantage on Charisma checks.***Fox's Cunning.*** The target has advantage on intelligence checks.***Owl's Wisdom.*** The target has advantage on wisdom checks.,No_AttackType,No_Damage,No_Heal,No_SavingThrow
Enlarge-reduce,2,Transmutation,No_Ritual,1 action,30 feet,No_AreaEffect,V/S/M,concentration,Up to 1 minute,You cause a creature or an object you can see within range to grow larger or smaller for the duration. Choose either a creature or an object that is neither worn nor carried. If the target is unwillingit can make a Constitution saving throw. On a successthe spell has no effect.If the target is a creatureeverything it is wearing and carrying changes size with it. Any item dropped by an affected creature returns to normal size at once.***Enlarge.*** The target's size doubles in all dimensionsand its weight is multiplied by eight. This growth increases its size by one category-from Medium to Largefor example. If there isn't enough room for the target to double its sizethe creature or object attains the maximum possible size in the space available. Until the spell endsthe target also has advantage on Strength checks and Strength saving throws. The target's weapons also grow to match its new size. While these weapons are enlargedthe target's attacks with them deal 1d4 extra damage.***Reduce.*** The target's size is halved in all dimensionsand its weight is reduced to one-eighth of normal. This reduction decreases its size by one category-from Medium to Smallfor example. Until the spell endsthe target also has disadvantage on Strength checks and Strength saving throws. The target's weapons also shrink to match its new size. While these weapons are reducedthe target's attacks with them deal 1d4 less damage (this can't reduce the damage below 1).,No_AttackType,No_Damage,No_Heal,CON
Entangle,1,Conjuration,No_Ritual,1 action,90 feet,Cube:20,V/S,concentration,Up to 1 minute,Grasping weeds and vines sprout from the ground in a 20-foot square starting form a point within range. For the durationthese plants turn the ground in the area into difficult terrain.A creature in the area when you cast the spell must succeed on a strength saving throw or be restrained by the entangling plants until the spell ends. A creature restrained by the plants can use its action to make a Strength check against your spell save DC. On a successit frees itself.When the spell endsthe conjured plants wilt away.,No_AttackType,No_Damage,No_Heal,STR
Enthrall,2,Enchantment,No_Ritual,1 action,60 feet,No_AreaEffect,V/S,No_Concentration,1 minute,You weave a distracting string of wordscausing creatures of your choice that you can see within range and that can hear you to make a wisdom saving throw. Any creature that can't be charmed succeeds on this saving throw automaticallyand if you or your companions are fighting a creatureit has advantage on the save. On a failed savethe target has disadvantage on Wisdom (Perception) checks made to perceive any creature other than you until the spell ends or until the target can no longer hear you. The spell ends if you are incapacitated or can no longer speak.,No_AttackType,No_Damage,No_Heal,WIS
Etherealness,7,Transmutation,No_Ritual,1 action,Self,No_AreaEffect,V/S,No_Concentration,8 hours,You step into the border regions of the Ethereal Planein the area where it overlaps with your current plane. You remain in the Border Ethereal for the duration or until you use your action to dismiss the spell. During this timeyou can move in any direction. If you move up or downevery foot of movement costs an extra foot. You can see and hear the plane you originated frombut everything there looks grayand you can't see anything more than 60 feet away.While on the Ethereal Planeyou can only affect and be affected by other creatures on that plane. Creatures that aren't on the Ethereal Plane can't perceive you and can't interact with youunless a special ability or magic has given them the ability to do so.You ignore all objects and effects that aren't on the Ethereal Planeallowing you to move through objects you perceive on the plane you originated from.When the spell endsyou immediately return to the plane you originated from in the spot you currently occupy. If you occupy the same spot as a solid object or creature when this happensyou are immediately shunted to the nearest unoccupied space that you can occupy and take force damage equal to twice the number of feet you are moved.This spell has no effect if you cast it while you are on the Ethereal Plane or a plane that doesn't border itsuch as one of the Outer Planes.,No_AttackType,No_Damage,No_Heal,No_SavingThrow
Expeditious-retreat,1,Transmutation,No_Ritual,1 bonus action,Self,No_AreaEffect,V/S,concentration,Up to 10 minutes,This spell allows you to move at an incredible pace. When you cast this spelland then as a bonus action on each of your turns until the spell endsyou can take the Dash action.,No_AttackType,No_Damage,No_Heal,No_SavingThrow
Eyebite,6,Necromancy,No_Ritual,1 action,Self,No_AreaEffect,V/S,concentration,Up to 1 minute,For the spell's durationyour eyes become an inky void imbued with dread power. One creature of your choice within 60 feet of you that you can see must succeed on a wisdom saving throw or be affected by one of the following effects of your choice for the duration. On each of your turns until the spell endsyou can use your action to target another creature but can't target a creature again if it has succeeded on a saving throw against this casting of eyebite.***Asleep.*** The target falls unconscious. It wakes up if it takes any damage or if another creature uses its action to shake the sleeper awake.***Panicked.*** The target is frightened of you. On each of its turnsthe frightened creature must take the Dash action and move away from you by the safest and shortest available routeunless there is nowhere to move. If the target moves to a place at least 60 feet away from you where it can no longer see youthis effect ends.***Sickened.*** The target has disadvantage on attack rolls and ability checks. At the end of each of its turnsit can make another wisdom saving throw. If it succeedsthe effect ends.,No_AttackType,No_Damage,No_Heal,WIS
Fabricate,4,Transmutation,No_Ritual,10 minutes,120 feet,No_AreaEffect,V/S,No_Concentration,Instantaneous,You convert raw materials into products of the same material. For exampleyou can fabricate a wooden bridge from a clump of treesa rope from a patch of hempand clothes from flax or wool.Choose raw materials that you can see within range. You can fabricate a Large or smaller object (contained within a 10-foot cubeor eight connected 5-foot cubes)given a sufficient quantity of raw material. If you are working with metalstoneor another mineral substancehoweverthe fabricated object can be no larger than Medium (contained within a single 5-foot cube). The quality of objects made by the spell is commensurate with the quality of the raw materials.Creatures or magic items can't be created or transmuted by this spell. You also can't use it to create items that ordinarily require a high degree of craftsmanshipsuch as jewelryweaponsglassor armorunless you have proficiency with the type of artisan's tools used to craft such objects.,No_AttackType,No_Damage,No_Heal,No_SavingThrow
Faerie-fire,1,Evocation,No_Ritual,1 action,60 feet,Cube:20,V,concentration,Up to 1 minute,Each object in a 20-foot cube within range is outlined in bluegreenor violet light (your choice). Any creature in the area when the spell is cast is also outlined in light if it fails a dexterity saving throw. For the durationobjects and affected creatures shed dim light in a 10-foot radius.Any attack roll against an affected creature or object has advantage if the attacker can see itand the affected creature or object can't benefit from being invisible.,No_AttackType,No_Damage,No_Heal,DEX
Faithful-hound,4,Conjuration,No_Ritual,1 action,30 feet,No_AreaEffect,V/S/M,No_Concentration,8 hours,You conjure a phantom watchdog in an unoccupied space that you can see within rangewhere it remains for the durationuntil you dismiss it as an actionor until you move more than 100 feet away from it.The hound is invisible to all creatures except you and can't be harmed. When a Small or larger creature comes within 30 feet of it without first speaking the password that you specify when you cast this spellthe hound starts barking loudly. The hound sees invisible creatures and can see into the Ethereal Plane. It ignores illusions.At the start of each of your turnsthe hound attempts to bite one creature within 5 feet of it that is hostile to you. The hound's attack bonus is equal to your spellcasting ability modifier + your proficiency bonus. On a hitit deals 4d8 piercing damage.,Melee,Piercing,4:4d8,No_Heal,No_SavingThrow
False-life,1,Necromancy,No_Ritual,1 action,Self,No_AreaEffect,V/S/M,No_Concentration,1 hour,Bolstering yourself with a necromantic facsimile of lifeyou gain 1d4 + 4 temporary hit points for the duration.,No_AttackType,No_Damage,1:1d4 + 4/2:1d4 + 9/3:1d4 + 14/4:1d4 + 19/5:1d4 + 24/6:1d4 + 29/7:1d4 + 34/8:1d4 + 39/9:1d4 + 44,No_SavingThrow
Fear,3,Illusion,No_Ritual,1 action,Self,Cone:30,V/S/M,concentration,Up to 1 minute,You project a phantasmal image of a creature's worst fears. Each creature in a 30-foot cone must succeed on a wisdom saving throw or drop whatever it is holding and become frightened for the duration.While frightened by this spella creature must take the Dash action and move away from you by the safest available route on each of its turnsunless there is nowhere to move. If the creature ends its turn in a location where it doesn't have line of sight to youthe creature can make a wisdom saving throw. On a successful savethe spell ends for that creature.,No_AttackType,No_Damage,No_Heal,WIS
Feather-fall,1,Transmutation,No_Ritual,1 reaction,60 feet,No_AreaEffect,V/M,No_Concentration,1 minute,Choose up to five falling creatures within range. A falling creature's rate of descent slows to 60 feet per round until the spell ends. If the creature lands before the spell endsit takes no falling damage and can land on its feetand the spell ends for that creature.,No_AttackType,No_Damage,No_Heal,No_SavingThrow
Feeblemind,8,Enchantment,No_Ritual,1 action,150 feet,No_AreaEffect,V/S/M,No_Concentration,Instantaneous,You blast the mind of a creature that you can see within rangeattempting to shatter its intellect and personality. The target takes 4d6 psychic damage and must make an intelligence saving throw.On a failed savethe creature's Intelligence and Charisma scores become 1. The creature can't cast spellsactivate magic itemsunderstand languageor communicate in any intelligible way. The creature canhoweveridentify its friendsfollow themand even protect them.At the end of every 30 daysthe creature can repeat its saving throw against this spell. If it succeeds on its saving throwthe spell ends.The spell can also be ended by greater restorationhealor wish.,No_AttackType,Psychic,8:4d6,No_Heal,INT
Find-familiar,1,Conjuration,Ritual,1 hour,10 feet,No_AreaEffect,V/S/M,No_Concentration,Instantaneous,You gain the service of a familiara spirit that takes an animal form you choose: batcatcrabfrog (toad)hawklizardoctopusowlpoisonous snakefish (quipper)ratravensea horsespideror weasel. Appearing in an unoccupied space within rangethe familiar has the statistics of the chosen formthough it is a celestialfeyor fiend (your choice) instead of a beast.Your familiar acts independently of youbut it always obeys your commands. In combatit rolls its own initiative and acts on its own turn. A familiar can't attackbut it can take other actions as normal.When the familiar drops to 0 hit pointsit disappearsleaving behind no physical form. It reappears after you cast this spell again.While your familiar is within 100 feet of youyou can communicate with it telepathically. Additionallyas an actionyou can see through your familiar's eyes and hear what it hears until the start of your next turngaining the benefits of any special senses that the familiar has. During this timeyou are deaf and blind with regard to your own senses.As an actionyou can temporarily dismiss your familiar. It disappears into a pocket dimension where it awaits your summons. Alternativelyyou can dismiss it forever. As an action while it is temporarily dismissedyou can cause it to reappear in any unoccupied space within 30 feet of you.You can't have more than one familiar at a time. If you cast this spell while you already have a familiaryou instead cause it to adopt a new form. Choose one of the forms from the above list. Your familiar transforms into the chosen creature.Finallywhen you cast a spell with a range of touchyour familiar can deliver the spell as if it had cast the spell. Your familiar must be within 100 feet of youand it must use its reaction to deliver the spell when you cast it. If the spell requires an attack rollyou use your action modifier for the roll.,No_AttackType,No_Damage,No_Heal,No_SavingThrow
Find-steed,2,Conjuration,No_Ritual,10 minutes,30 feet,No_AreaEffect,V/S,No_Concentration,Instantaneous,You summon a spirit that assumes the form of an unusually intelligentstrongand loyal steedcreating a long-lasting bond with it. Appearing in an unoccupied space within rangethe steed takes on a form that you choosesuch as a warhorsea ponya camelan elkor a mastiff. (Your GM might allow other animals to be summoned as steeds.) The steed has the statistics of the chosen formthough it is a celestialfeyor fiend (your choice) instead of its normal type. Additionallyif your steed has an Intelligence of 5 or lessits Intelligence becomes 6and it gains the ability to understand one language of your choice that you speak.Your steed serves you as a mountboth in combat and outand you have an instinctive bond with it that allows you to fight as a seamless unit. While mounted on your steedyou can make any spell you cast that targets only you also target your steed.When the steed drops to 0 hit pointsit disappearsleaving behind no physical form. You can also dismiss your steed at any time as an actioncausing it to disappear. In either casecasting this spell again summons the same steedrestored to its hit point maximum.While your steed is within 1 mile of youyou can communicate with it telepathically.You can't have more than one steed bonded by this spell at a time. As an actionyou can release the steed from its bond at any timecausing it to disappear.,No_AttackType,No_Damage,No_Heal,No_SavingThrow
Find-the-path,6,Divination,No_Ritual,1 minute,Self,No_AreaEffect,V/S/M,concentration,Up to 24 hours,This spell allows you to find the shortestmost direct physical route to a specific fixed location that you are familiar with on the same plane of existence. If you name a destination on another plane of existencea destination that moves (such as a mobile fortress)or a destination that isn't specific (such as "a green dragon's lair")the spell fails.For the durationas long as you are on the same plane of existence as the destinationyou know how far it is and in what direction it lies. While you are traveling therewhenever you are presented with a choice of paths along the wayyou automatically determine which path is the shortest and most direct route (but not necessarily the safest route) to the destination.,No_AttackType,No_Damage,No_Heal,No_SavingThrow
Find-traps,2,Divination,No_Ritual,1 action,120 feet,No_AreaEffect,V/S,No_Concentration,Instantaneous,You sense the presence of any trap within range that is within line of sight. A trapfor the purpose of this spellincludes anything that would inflict a sudden or unexpected effect you consider harmful or undesirablewhich was specifically intended as such by its creator. Thusthe spell would sense an area affected by the alarm spella glyph of wardingor a mechanical pit trapbut it would not reveal a natural weakness in the flooran unstable ceilingor a hidden sinkhole.This spell merely reveals that a trap is present. You don't learn the location of each trapbut you do learn the general nature of the danger posed by a trap you sense.,No_AttackType,No_Damage,No_Heal,No_SavingThrow
Finger-of-death,7,Necromancy,No_Ritual,1 action,60 feet,No_AreaEffect,V/S,No_Concentration,Instantaneous,You send negative energy coursing through a creature that you can see within rangecausing it searing pain. The target must make a constitution saving throw. It takes 7d8 + 30 necrotic damage on a failed saveor half as much damage on a successful one.A humanoid killed by this spell rises at the start of your next turn as a zombie that is permanently under your commandfollowing your verbal orders to the best of its ability.,No_AttackType,Necrotic,7:7d8 + 30,No_Heal,CON
Fire-bolt,0,Evocation,No_Ritual,1 action,120 feet,No_AreaEffect,V/S,No_Concentration,Instantaneous,You hurl a mote of fire at a creature or object within range. Make a ranged spell attack against the target. On a hitthe target takes 1d10 fire damage. A flammable object hit by this spell ignites if it isn't being worn or carried.This spell's damage increases by 1d10 when you reach 5th level (2d10)11th level (3d10)and 17th level (4d10).,Ranged,Fire,1:1d10/5:2d10/11:3d10/17:4d10,No_Heal,No_SavingThrow
Fire-shield,4,Evocation,No_Ritual,1 action,Self,Sphere:5,V/S/M,No_Concentration,10 minutes,Thin and vaporous flame surround your body for the duration of the spellradiating a bright light bright light in a 10-foot radius and dim light for an additional 10 feet. You can end the spell using an action to make it disappear.The flames are around you a heat shield or coldyour choice. The heat shield gives you cold damage resistance and the cold resistance to fire damage.In additionwhenever a creature within 5 feet of you hits you with a melee attackflames spring from the shield. The attacker then suffers 2d8 points of fire damage or colddepending on the model.,No_AttackType,Fire,4:2d8,No_Heal,No_SavingThrow
Fire-storm,7,Evocation,No_Ritual,1 action,150 feet,Cube:100,V/S,No_Concentration,Instantaneous,A storm made up of sheets of roaring flame appears in a location you choose within range. The area of the storm consists of up to ten 10-foot cubeswhich you can arrange as you wish. Each cube must have at least one face adjacent to the face of another cube. Each creature in the area must make a dexterity saving throw. It takes 7d10 fire damage on a failed saveor half as much damage on a successful one.The fire damages objects in the area and ignites flammable objects that aren't being worn or carried. If you chooseplant life in the area is unaffected by this spell.,No_AttackType,Fire,7:7d10,No_Heal,DEX
Fireball,3,Evocation,No_Ritual,1 action,150 feet,Sphere:20,V/S/M,No_Concentration,Instantaneous,A bright streak flashes from your pointing finger to a point you choose within range and then blossoms with a low roar into an explosion of flame. Each creature in a 20-foot-radius sphere centered on that point must make a dexterity saving throw. A target takes 8d6 fire damage on a failed saveor half as much damage on a successful one.The fire spreads around corners. It ignites flammable objects in the area that aren't being worn or carried.,No_AttackType,Fire,3:8d6/4:9d6/5:10d6/6:11d6/7:12d6/8:13d6/9:14d6,No_Heal,DEX
Flame-blade,2,Evocation,No_Ritual,1 bonus action,Self,No_AreaEffect,V/S/M,concentration,Up to 10 minutes,You evoke a fiery blade in your free hand. The blade is similar in size and shape to a scimitarand it lasts for the duration. If you let go of the bladeit disappearsbut you can evoke the blade again as a bonus action.You can use your action to make a melee spell attack with the fiery blade. On a hitthe target takes 3d6 fire damage.The flaming blade sheds bright light in a 10-foot radius and dim light for an additional 10 feet.,No_AttackType,Fire,2:3d6/4:4d6/6:5d6/8:6d6,No_Heal,No_SavingThrow
Flame-strike,5,Evocation,No_Ritual,1 action,60 feet,Cylinder:40,V/S/M,No_Concentration,Instantaneous,A vertical column of divine fire roars down from the heavens in a location you specify. Each creature in a 10-foot-radius40-foot-high cylinder centered on a point within range must make a dexterity saving throw. A creature takes 4d6 fire damage and 4d6 radiant damage on a failed saveor half as much damage on a successful one.,No_AttackType,Fire,5:4d6 + 4d6/6:4d6 + 5d6/7:4d6 + 6d6/8:4d6 + 7d6/9:4d6 + 8d6,No_Heal,DEX
Flaming-sphere,2,Conjuration,No_Ritual,1 action,60 feet,No_AreaEffect,V/S/M,concentration,Up to 1 minute,A 5-foot-diameter sphere of fire appears in an unoccupied space of your choice within range and lasts for the duration. Any creature that ends its turn within 5 feet of the sphere must make a dexterity saving throw. The creature takes 2d6 fire damage on a failed saveor half as much damage on a successful one.As a bonus actionyou can move the sphere up to 30 feet. If you ram the sphere into a creaturethat creature must make the saving throw against the sphere's damageand the sphere stops moving this turn.When you move the sphereyou can direct it over barriers up to 5 feet tall and jump it across pits up to 10 feet wide. The sphere ignites flammable objects not being worn or carriedand it sheds bright light in a 20-foot radius and dim light for an additional 20 feet.,No_AttackType,Fire,2:2d6/3:3d6/4:4d6/5:5d6/6:6d6/7:7d6/8:8d6/9:9d6,No_Heal,No_SavingThrow
Flesh-to-stone,6,Transmutation,No_Ritual,1 action,60 feet,No_AreaEffect,V/S/M,concentration,Up to 1 minute,You attempt to turn one creature that you can see within range into stone. If the target's body is made of fleshthe creature must make a constitution saving throw. On a failed saveit is restrained as its flesh begins to harden. On a successful savethe creature isn't affected.A creature restrained by this spell must make another constitution saving throw at the end of each of its turns. If it successfully saves against this spell three timesthe spell ends. If it fails its saves three timesit is turned to stone and subjected to the petrified condition for the duration. The successes and failures don't need to be consecutive; keep track of both until the target collects three of a kind.If the creature is physically broken while petrifiedit suffers from similar deformities if it reverts to its original state.If you maintain your concentration on this spell for the entire possible durationthe creature is turned to stone until the effect is removed.,No_AttackType,No_Damage,No_Heal,CON
Floating-disk,1,Conjuration,Ritual,1 action,30 feet,No_AreaEffect,V/S/M,No_Concentration,1 hour,This spell creates a circularhorizontal plane of force3 feet in diameter and 1 inch thickthat floats 3 feet above the ground in an unoccupied space of your choice that you can see within range. The disk remains for the durationand can hold up to 500 pounds. If more weight is placed on itthe spell endsand everything on the disk falls to the ground.The disk is immobile while you are within 20 feet of it. If you move more than 20 feet away from itthe disk follows you so that it remains within 20 feet of you. If can move across uneven terrainup or down stairsslopes and the likebut it can't cross an elevation change of 10 feet or more. For examplethe disk can't move across a 10-foot-deep pitnor could it leave such a pit if it was created at the bottom.If you move more than 100 feet away from the disk (typically because it can't move around an obstacle to follow you)the spell ends.,No_AttackType,No_Damage,No_Heal,No_SavingThrow
Fly,3,Transmutation,No_Ritual,1 action,Touch,No_AreaEffect,V/S/M,concentration,Up to 10 minutes,You touch a willing creature. The target gains a flying speed of 60 feet for the duration. When the spell endsthe target falls if it is still aloftunless it can stop the fall.,No_AttackType,No_Damage,No_Heal,No_SavingThrow
Fog-cloud,1,Conjuration,No_Ritual,1 action,120 feet,Sphere:20,V/S,concentration,Up to 1 hour,You create a 20-foot-radius sphere of fog centered on a point within range. The sphere spreads around cornersand its area is heavily obscured. It lasts for the duration or until a wind of moderate or greater speed (at least 10 miles per hour) disperses it.,No_AttackType,No_Damage,No_Heal,No_SavingThrow
Forbiddance,6,Abjuration,Ritual,10 minutes,Touch,Cube:40000,V/S/M,No_Concentration,24 hours,You create a ward against magical travel that protects up to 40000 square feet of floor space to a height of 30 feet above the floor. For the durationcreatures can't teleport into the area or use portalssuch as those created by the gate spellto enter the area. The spell proofs the area against planar traveland therefore prevents creatures from accessing the area by way of the Astral PlaneEthereal PlaneFeywildShadowfellor the plane shift spell.In additionthe spell damages types of creatures that you choose when you cast it. Choose one or more of the following: celestialselementalsfeyfiendsand undead. When a chosen creature enters the spell's area for the first time on a turn or starts its turn therethe creature takes 5d10 radiant or necrotic damage (your choice when you cast this spell).When you cast this spellyou can designate a password. A creature that speaks the password as it enters the area takes no damage from the spell.The spell's area can't overlap with the area of another forbiddance spell. If you cast forbiddance every day for 30 days in the same locationthe spell lasts until it is dispelledand the material components are consumed on the last casting.,No_AttackType,No_Damage,No_Heal,No_SavingThrow
Forcecage,7,Evocation,No_Ritual,1 action,100 feet,Cube:20,V/S/M,No_Concentration,1 hour,An immobileinvisiblecube-shaped prison composed of magical force springs into existence around an area you choose within range. The prison can be a cage or a solid boxas you choose.A prison in the shape of a cage can be up to 20 feet on a side and is made from 1/2-inch diameter bars spaced 1/2 inch apart.A prison in the shape of a box can be up to 10 feet on a sidecreating a solid barrier that prevents any matter from passing through it and blocking any spells cast into or out from the area.When you cast the spellany creature that is completely inside the cage's area is trapped. Creatures only partially within the areaor those too large to fit inside the areaare pushed away from the center of the area until they are completely outside the area.A creature inside the cage can't leave it by nonmagical means. If the creature tries to use teleportation or interplanar travel to leave the cageit must first make a charisma saving throw. On a successthe creature can use that magic to exit the cage. On a failurethe creature can't exit the cage and wastes the use of the spell or effect. The cage also extends into the Ethereal Planeblocking ethereal travel.This spell can't be dispelled by dispel magic.,No_AttackType,No_Damage,No_Heal,No_SavingThrow
Foresight,9,Divination,No_Ritual,1 minute,Touch,No_AreaEffect,V/S/M,No_Concentration,8 hours,You touch a willing creature and bestow a limited ability to see into the immediate future. For the durationthe target can't be surprised and has advantage on attack rollsability checksand saving throws. Additionallyother creatures have disadvantage on attack rolls against the target for the duration.This spell immediately ends if you cast it again before its duration ends.,No_AttackType,No_Damage,No_Heal,No_SavingThrow
Freedom-of-movement,4,Abjuration,No_Ritual,1 action,Touch,No_AreaEffect,V/S/M,No_Concentration,1 hour,You touch a willing creature. For the durationthe target's movement is unaffected by difficult terrainand spells and other magical effects can neither reduce the target's speed nor cause the target to be paralyzed or restrained.The target can also spend 5 feet of movement to automatically escape from nonmagical restraintssuch as manacles or a creature that has it grappled. Finallybeing underwater imposes no penalties on the target's movement or attacks.,No_AttackType,No_Damage,No_Heal,No_SavingThrow
Freezing-sphere,6,Evocation,No_Ritual,1 action,300 feet,Sphere:60,V/S/M,No_Concentration,Instantaneous,A frigid globe of cold energy streaks from your fingertips to a point of your choice within rangewhere it explodes in a 60-foot-radius sphere. Each creature within the area must make a constitution saving throw. On a failed savea creature takes 10d6 cold damage. On a successful saveit takes half as much damage.If the globe strikes a body of water or a liquid that is principally water (not including water-based creatures)it freezes the liquid to a depth of 6 inches over an area 30 feet square. This ice lasts for 1 minute. Creatures that were swimming on the surface of frozen water are trapped in the ice. A trapped creature can use an action to make a Strength check against your spell save DC to break free.You can refrain from firing the globe after completing the spellif you wish. A small globe about the size of a sling stonecool to the touchappears in your hand. At any timeyou or a creature you give the globe to can throw the globe (to a range of 40 feet) or hurl it with a sling (to the sling's normal range). It shatters on impactwith the same effect as the normal casting of the spell. You can also set the globe down without shattering it. After 1 minuteif the globe hasn't already shatteredit explodes.,No_AttackType,Cold,6:10d6,No_Heal,CON
Gaseous-form,3,Transmutation,No_Ritual,1 action,Touch,No_AreaEffect,V/S/M,concentration,Up to 1 hour,You transform a willing creature you touchalong with everything it's wearing and carryinginto a misty cloud for the duration. The spell ends if the creature drops to 0 hit points. An incorporeal creature isn't affected.While in this formthe target's only method of movement is a flying speed of 10 feet. The target can enter and occupy the space of another creature. The target has resistance to nonmagical damageand it has advantage on StrengthDexterityand constitution saving throws. The target can pass through small holesnarrow openingsand even mere cracksthough it treats liquids as though they were solid surfaces. The target can't fall and remains hovering in the air even when stunned or otherwise incapacitated.While in the form of a misty cloudthe target can't talk or manipulate objectsand any objects it was carrying or holding can't be droppedusedor otherwise interacted with. The target can't attack or cast spells.,No_AttackType,No_Damage,No_Heal,No_SavingThrow
Gate,9,Conjuration,No_Ritual,1 action,60 feet,No_AreaEffect,V/S/M,concentration,Up to 1 minute,You conjure a portal linking an unoccupied space you can see within range to a precise location on a different plane of existence. The portal is a circular openingwhich you can make 5 to 20 feet in diameter. You can orient the portal in any direction you choose. The portal lasts for the duration.The portal has a front and a back on each plane where it appears. Travel through the portal is possible only by moving through its front. Anything that does so is instantly transported to the other planeappearing in the unoccupied space nearest to the portal.Deities and other planar rulers can prevent portals created by this spell from opening in their presence or anywhere within their domains.When you cast this spellyou can speak the name of a specific creature (a pseudonymtitleor nickname doesn't work). If that creature is on a plane other than the one you are onthe portal opens in the named creature's immediate vicinity and draws the creature through it to the nearest unoccupied space on your side of the portal. You gain no special power over the creatureand it is free to act as the GM deems appropriate. It might leaveattack youor help you.,No_AttackType,No_Damage,No_Heal,No_SavingThrow
Geas,5,Enchantment,No_Ritual,1 minute,60 feet,No_AreaEffect,V,No_Concentration,30 days,You place a magical command on a creature that you can see within rangeforcing it to carry out some service or refrain from some action or course of activity as you decide. If the creature can understand youit must succeed on a wisdom saving throw or become charmed by you for the duration. While the creature is charmed by youit takes 5d10 psychic damage each time it acts in a manner directly counter to your instructionsbut no more than once each day. A creature that can't understand you is unaffected by the spell.You can issue any command you chooseshort of an activity that would result in certain death. Should you issue a suicidal commandthe spell ends.You can end the spell early by using an action to dismiss it. A remove cursegreater restorationor wish spell also ends it.,No_AttackType,No_Damage,No_Heal,WIS
Gentle-repose,2,Necromancy,Ritual,1 action,Touch,No_AreaEffect,V/S/M,No_Concentration,10 days,You touch a corpse or other remains. For the durationthe target is protected from decay and can't become undead.The spell also effectively extends the time limit on raising the target from the deadsince days spent under the influence of this spell don't count against the time limit of spells such as raise dead.,No_AttackType,No_Damage,No_Heal,No_SavingThrow
Giant-insect,4,Transmutation,No_Ritual,1 action,30 feet,No_AreaEffect,V/S,concentration,Up to 10 minutes,You transform up to ten centipedesthree spidersfive waspsor one scorpion within range into giant versions of their natural forms for the duration. A centipede becomes a giant centipedea spider becomes a giant spidera wasp becomes a giant waspand a scorpion becomes a giant scorpion.Each creature obeys your verbal commandsand in combatthey act on your turn each round. The GM has the statistics for these creatures and resolves their actions and movement.A creature remains in its giant size for the durationuntil it drops to 0 hit pointsor until you use an action to dismiss the effect on it.The GM might allow you to choose different targets. For exampleif you transform a beeits giant version might have the same statistics as a giant wasp.,No_AttackType,No_Damage,No_Heal,No_SavingThrow
Glibness,8,Transmutation,No_Ritual,1 action,Self,No_AreaEffect,V,No_Concentration,1 hour,Until the spell endswhen you make a Charisma checkyou can replace the number you roll with a 15. Additionallyno matter what you saymagic that would determine if you are telling the truth indicates that you are being truthful.,No_AttackType,No_Damage,No_Heal,No_SavingThrow
Globe-of-invulnerability,6,Abjuration,No_Ritual,1 action,Self,Sphere:10,V/S/M,concentration,Up to 1 minute,An immobilefaintly shimmering barrier springs into existence in a 10-foot radius around you and remains for the duration.Any spell of 5th level or lower cast from outside the barrier can't affect creatures or objects within iteven if the spell is cast using a higher level spell slot. Such a spell can target creatures and objects within the barrierbut the spell has no effect on them. Similarlythe area within the barrier is excluded from the areas affected by such spells.,No_AttackType,No_Damage,No_Heal,No_SavingThrow
Glyph-of-warding,3,Abjuration,No_Ritual,1 hour,Touch,No_AreaEffect,V/S/M,No_Concentration,Until dispelled,When you cast this spellyou inscribe a glyph that harms other creatureseither upon a surface (such as a table or a section of floor or wall) or within an object that can be closed (such as a booka scrollor a treasure chest) to conceal the glyph. If you choose a surfacethe glyph can cover an area of the surface no larger than 10 feet in diameter. If you choose an objectthat object must remain in its place; if the object is moved more than 10 feet from where you cast this spellthe glyph is brokenand the spell ends without being triggered.The glyph is nearly invisible and requires a successful Intelligence (Investigation) check against your spell save DC to be found.You decide what triggers the glyph when you cast the spell. For glyphs inscribed on a surfacethe most typical triggers include touching or standing on the glyphremoving another object covering the glyphapproaching within a certain distance of the glyphor manipulating the object on which the glyph is inscribed. For glyphs inscribed within an objectthe most common triggers include opening that objectapproaching within a certain distance of the objector seeing or reading the glyph. Once a glyph is triggeredthis spell ends.You can further refine the trigger so the spell activates only under certain circumstances or according to physical characteristics (such as height or weight)creature kind (for examplethe ward could be set to affect aberrations or drow)or alignment. You can also set conditions for creatures that don't trigger the glyphsuch as those who say a certain password.When you inscribe the glyphchoose *explosive runes* or a *spell glyph*.***Explosive Runes.*** When triggeredthe glyph erupts with magical energy in a 20-foot-radius sphere centered on the glyph. The sphere spreads around corners. Each creature in the area must make a Dexterity saving throw. A creature takes 5d8 acidcoldfirelightningor thunder damage on a failed saving throw (your choice when you create the glyph)or half as much damage on a successful one.***Spell Glyph.*** You can store a prepared spell of 3rd level or lower in the glyph by casting it as part of creating the glyph. The spell must target a single creature or an area. The spell being stored has no immediate effect when cast in this way. When the glyph is triggeredthe stored spell is cast. If the spell has a targetit targets the creature that triggered the glyph. If the spell affects an areathe area is centered on that creature. If the spell summons hostile creatures or creates harmful objects or trapsthey appear as close as possible to the intruder and attack it. If the spell requires concentrationit lasts until the end of its full duration.,No_AttackType,No_Damage,No_Heal,No_SavingThrow
Goodberry,1,Transmutation,No_Ritual,1 action,Touch,No_AreaEffect,V/S/M,No_Concentration,Instantaneous,Up to ten berries appear in your hand and are infused with magic for the duration. A creature can use its action to eat one berry. Eating a berry restores 1 hit pointand the berry provides enough nourishment to sustain a creature for a day.The berries lose their potency if they have not been consumed within 24 hours of the casting of this spell.,No_AttackType,No_Damage,No_Heal,No_SavingThrow
Grease,1,Conjuration,No_Ritual,1 action,60 feet,Cube:10,V/S/M,No_Concentration,1 minute,Slick grease covers the ground in a 10-foot square centered on a point within range and turns it into difficult terrain for the duration.When the grease appearseach creature standing in its area must succeed on a dexterity saving throw or fall prone. A creature that enters the area or ends its turn there must also succeed on a dexterity saving throw or fall prone.,No_AttackType,No_Damage,No_Heal,DEX
Greater-invisibility,4,Illusion,No_Ritual,1 action,Touch,No_AreaEffect,V/S,concentration,Up to 1 minute,You or a creature you touch becomes invisible until the spell ends. Anything the target is wearing or carrying is invisible as long as it is on the target's person.,No_AttackType,No_Damage,No_Heal,No_SavingThrow
Greater-restoration,5,Abjuration,No_Ritual,1 action,Touch,No_AreaEffect,V/S/M,No_Concentration,Instantaneous,You imbue a creature you touch with positive energy to undo a debilitating effect. You can reduce the target's exhaustion level by oneor end one of the following effects on the target:- One effect that charmed or petrified the target- One curseincluding the target's attunement to a cursed magic item- Any reduction to one of the target's ability scores- One effect reducing the target's hit point maximum,No_AttackType,No_Damage,No_Heal,No_SavingThrow
Guardian-of-faith,4,Conjuration,No_Ritual,1 action,30 feet,Cylinder:10,V,No_Concentration,8 hours,A Large spectral guardian appears and hovers for the duration in an unoccupied space of your choice that you can see within range. The guardian occupies that space and is indistinct except for a gleaming sword and shield emblazoned with the symbol of your deity.Any creature hostile to you that moves to a space within 10 feet of the guardian for the first time on a turn must succeed on a dexterity saving throw. The creature takes 20 radiant damage on a failed saveor half as much damage on a successful one. The guardian vanishes when it has dealt a total of 60 damage.,No_AttackType,Radiant,4:20,No_Heal,DEX
Guards-and-wards,6,Abjuration,No_Ritual,10 minutes,Touch,Cube:2500,V/S/M,No_Concentration,24 hours,You create a ward that protects up to 2500 square feet of floor space (an area 50 feet squareor one hundred 5-foot squares or twenty-five 10-foot squares). The warded area can be up to 20 feet talland shaped as you desire. You can ward several stories of a stronghold by dividing the area among themas long as you can walk into each contiguous area while you are casting the spell.When you cast this spellyou can specify individuals that are unaffected by any or all of the effects that you choose. You can also specify a password thatwhen spoken aloudmakes the speaker immune to these effects.Guards and wards creates the following effects within the warded area.***Corridors.*** Fog fills all the warded corridorsmaking them heavily obscured. In additionat each intersection or branching passage offering a choice of directionthere is a 50 percent chance that a creature other than you will believe it is going in the opposite direction from the one it chooses.***Doors.*** All doors in the warded area are magically lockedas if sealed by an arcane lock spell. In additionyou can cover up to ten doors with an illusion (equivalent to the illusory object function of the minor illusion spell) to make them appear as plain sections of wall.***Stairs.*** Webs fill all stairs in the warded area from top to bottomas the web spell. These strands regrow in 10 minutes if they are burned or torn away while guards and wards lasts.***Other Spell Effect.*** You can place your choice of one of the following magical effects within the warded area of the stronghold.- Place dancing lights in four corridors. You can designate a simple program that the lights repeat as long as guards and wards lasts.- Place magic mouth in two locations.- Place stinking cloud in two locations. The vapors appear in the places you designate; they return within 10 minutes if dispersed by wind while guards and wards lasts.- Place a constant gust of wind in one corridor or room.- Place a suggestion in one location. You select an area of up to 5 feet squareand any creature that enters or passes through the area receives the suggestion mentally.The whole warded area radiates magic. A dispel magic cast on a specific effectif successfulremoves only that effect.You can create a permanently guarded and warded structure by casting this spell there every day for one year.,No_AttackType,No_Damage,No_Heal,No_SavingThrow
Guidance,0,Divination,No_Ritual,1 action,Touch,No_AreaEffect,V/S,concentration,Up to 1 minute,You touch one willing creature. Once before the spell endsthe target can roll a d4 and add the number rolled to one ability check of its choice. It can roll the die before or after making the ability check. The spell then ends.,No_AttackType,No_Damage,No_Heal,No_SavingThrow
Guiding-bolt,1,Evocation,No_Ritual,1 action,120 feet,No_AreaEffect,V/S,No_Concentration,1 round,A flash of light streaks toward a creature of your choice within range. Make a ranged spell attack against the target. On a hitthe target takes 4d6 radiant damageand the next attack roll made against this target before the end of your next turn has advantagethanks to the mystical dim light glittering on the target until then.,Ranged,Radiant,1:4d6/2:5d6/3:6d6/4:7d6/5:8d6/6:9d6/7:10d6/8:11d6/9:12d6,No_Heal,No_SavingThrow
Gust-of-wind,2,Evocation,No_Ritual,1 action,Self,Line:60,V/S/M,concentration,Up to 1 minute,A line of strong wind 60 feet long and 10 feet wide blasts from you in a direction you choose for the spell's duration. Each creature that starts its turn in the line must succeed on a strength saving throw or be pushed 15 feet away from you in a direction following the line.Any creature in the line must spend 2 feet of movement for every 1 foot it moves when moving closer to you.The gust disperses gas or vaporand it extinguishes candlestorchesand similar unprotected flames in the area. It causes protected flamessuch as those of lanternsto dance wildly and has a 50 percent chance to extinguish them.As a bonus action on each of your turns before the spell endsyou can change the direction in which the line blasts from you.,No_AttackType,No_Damage,No_Heal,STR
Hallow,5,Evocation,No_Ritual,24 hours,Touch,Sphere:60,V/S/M,No_Concentration,Until dispelled,You touch a point and infuse an area around it with holy (or unholy) power. The area can have a radius up to 60 feetand the spell fails if the radius includes an area already under the effect a hallow spell. The affected area is subject to the following effects.Firstcelestialselementalsfeyfiendsand undead can't enter the areanor can such creatures charmfrightenor possess creatures within it. Any creature charmedfrightenedor possessed by such a creature is no longer charmedfrightenedor possessed upon entering the area. You can exclude one or more of those types of creatures from this effect.Secondyou can bind an extra effect to the area. Choose the effect from the following listor choose an effect offered by the GM. Some of these effects apply to creatures in the area; you can designate whether the effect applies to all creaturescreatures that follow a specific deity or leaderor creatures of a specific sortsuch as ores or trolls. When a creature that would be affected enters the spell's area for the first time on a turn or starts its turn thereit can make a charisma saving throw. On a successthe creature ignores the extra effect until it leaves the area.***Courage.*** Affected creatures can't be frightened while in the area.***Darkness.*** Darkness fills the area. Normal lightas well as magical light created by spells of a lower level than the slot you used to cast this spellcan't illuminate the area.***Daylight.*** Bright light fills the area. Magical darkness created by spells of a lower level than the slot you used to cast this spell can't extinguish the light.***Energy Protection.*** Affected creatures in the area have resistance to one damage type of your choiceexcept for bludgeoningpiercingor slashing.***Energy Vulnerability.*** Affected creatures in the area have vulnerability to one damage type of your choiceexcept for bludgeoningpiercingor slashing.***Everlasting Rest.*** Dead bodies interred in the area can't be turned into undead.***Extradimensional Interference.*** Affected creatures can't move or travel using teleportation or by extradimensional or interplanar means.***Fear.*** Affected creatures are frightened while in the area.***Silence.*** No sound can emanate from within the areaand no sound can reach into it.***Tongues.*** Affected creatures can communicate with any other creature in the areaeven if they don't share a common language.,No_AttackType,No_Damage,No_Heal,CHA
Hallucinatory-terrain,4,Illusion,No_Ritual,10 minutes,300 feet,Cube:150,V/S/M,No_Concentration,24 hours,You make natural terrain in a 150-foot cube in range looksoundand smell like some other sort of natural terrain. Thusopen fields or a road can be made to resemble a swamphillcrevasseor some other difficult or impassable terrain. A pond can be made to seem like a grassy meadowa precipice like a gentle slopeor a rock-strewn gully like a wide and smooth road. Manufactured structuresequipmentand creatures within the area aren't changed in appearance.The tactile characteristics of the terrain are unchangedso creatures entering the area are likely to see through the illusion. If the difference isn't obvious by toucha creature carefully examining the illusion can attempt an Intelligence (Investigation) check against your spell save DC to disbelieve it. A creature who discerns the illusion for what it issees it as a vague image superimposed on the terrain.,No_AttackType,No_Damage,No_Heal,No_SavingThrow
Harm,6,Necromancy,No_Ritual,1 action,60 feet,No_AreaEffect,V/S,No_Concentration,Instantaneous,You unleash a virulent disease on a creature that you can see within range. The target must make a constitution saving throw. On a failed saveit takes 14d6 necrotic damageor half as much damage on a successful save. The damage can't reduce the target's hit points below 1. If the target fails the saving throwits hit point maximum is reduced for 1 hour by an amount equal to the necrotic damage it took. Any effect that removes a disease allows a creature's hit point maximum to return to normal before that time passes.,No_AttackType,Necrotic,6:14d6,No_Heal,CON
Haste,3,Transmutation,No_Ritual,1 action,30 feet,No_AreaEffect,V/S/M,concentration,Up to 1 minute,Choose a willing creature that you can see within range. Until the spell endsthe target's speed is doubledit gains a +2 bonus to ACit has advantage on dexterity saving throwsand it gains an additional action on each of its turns. That action can be used only to take the Attack (one weapon attack only)DashDisengageHideor Use an Object action.When the spell endsthe target can't move or take actions until after its next turnas a wave of lethargy sweeps over it.,No_AttackType,No_Damage,No_Heal,No_SavingThrow
Heal,6,Evocation,No_Ritual,1 action,60 feet,No_AreaEffect,V/S,No_Concentration,Instantaneous,Choose a creature that you can see within range. A surge of positive energy washes through the creaturecausing it to regain 70 hit points. This spell also ends blindnessdeafnessand any diseases affecting the target. This spell has no effect on constructs or undead.,No_AttackType,No_Damage,6:70/7:80/8:90/9:100,No_SavingThrow
Healing-word,1,Evocation,No_Ritual,1 bonus action,60 feet,No_AreaEffect,V,No_Concentration,Instantaneous,A creature of your choice that you can see within range regains hit points equal to 1d4 + your spellcasting ability modifier. This spell has no effect on undead or constructs.,No_AttackType,No_Damage,1:1d4 + MOD/2:2d4 + MOD/3:3d4 + MOD/4:4d4 + MOD/5:5d4 + MOD/6:6d4 + MOD/7:7d4 + MOD/8:8d4 + MOD/9:9d4 + MOD,No_SavingThrow
Heat-metal,2,Transmutation,No_Ritual,1 action,60 feet,No_AreaEffect,V/S/M,concentration,Up to 1 minute,Choose a manufactured metal objectsuch as a metal weapon or a suit of heavy or medium metal armorthat you can see within range. You cause the object to glow red-hot. Any creature in physical contact with the object takes 2d8 fire damage when you cast the spell. Until the spell endsyou can use a bonus action on each of your subsequent turns to cause this damage again.If a creature is holding or wearing the object and takes the damage from itthe creature must succeed on a constitution saving throw or drop the object if it can. If it doesn't drop the objectit has disadvantage on attack rolls and ability checks until the start of your next turn.,No_AttackType,Fire,2:2d8/3:3d8/4:4d8/5:5d8/6:6d8/7:7d8/8:8d8/9:9d8,No_Heal,CON
Hellish-rebuke,1,Evocation,No_Ritual,1 reaction,60 feet,No_AreaEffect,V/S,No_Concentration,Instantaneous,You point your fingerand the creature that damaged you is momentarily surrounded by hellish flames. The creature must make a dexterity saving throw. It takes 2d10 fire damage on a failed saveor half as much damage on a successful one.,No_AttackType,Fire,1:2d10/2:3d10/3:4d10/4:5d10/5:6d10/6:7d10/7:8d10/8:9d10/9:10d10,No_Heal,DEX
Heroes-feast,6,Conjuration,No_Ritual,10 minutes,30 feet,No_AreaEffect,V/S/M,No_Concentration,Instantaneous,You bring forth a great feastincluding magnificent food and drink. The feast takes 1 hour to consume and disappears at the end of that timeand the beneficial effects don't set in until this hour is over. Up to twelve other creatures can partake of the feast.A creature that partakes of the feast gains several benefits. The creature is cured of all diseases and poisonbecomes immune to poison and being frightenedand makes all wisdom saving throws with advantage. Its hit point maximum also increases by 2d10and it gains the same number of hit points. These benefits last for 24 hours.,No_AttackType,No_Damage,No_Heal,No_SavingThrow
Heroism,1,Enchantment,No_Ritual,1 action,Touch,No_AreaEffect,V/S,concentration,Up to 1 minute,A willing creature you touch is imbued with bravery. Until the spell endsthe creature is immune to being frightened and gains temporary hit points equal to your spellcasting ability modifier at the start of each of its turns. When the spell endsthe target loses any remaining temporary hit points from this spell.,No_AttackType,No_Damage,No_Heal,No_SavingThrow
Hideous-laughter,1,Enchantment,No_Ritual,1 action,30 feet,No_AreaEffect,V/S/M,concentration,Up to 1 minute,A creature of your choice that you can see within range perceives everything as hilariously funny and falls into fits of laughter if this spell affects it. The target must succeed on a wisdom saving throw or fall pronebecoming incapacitated and unable to stand up for the duration. A creature with an Intelligence score of 4 or less isn't affected.At the end of each of its turnsand each time it takes damagethe target can make another wisdom saving throw. The target had advantage on the saving throw if it's triggered by damage. On a successthe spell ends.,No_AttackType,No_Damage,No_Heal,WIS
Hold-monster,5,Enchantment,No_Ritual,1 action,90 feet,No_AreaEffect,V/S/M,concentration,Up to 1 minute,Choose a creature you can see and reach. The target must make a saving throw of Wisdom or be paralyzed for the duration of the spell. This spell has no effect against the undead. At the end of each roundthe target can make a new saving throw of Wisdom. If successfulthe spell ends for the creature.,No_AttackType,No_Damage,No_Heal,WIS
Hold-person,2,Enchantment,No_Ritual,1 action,60 feet,No_AreaEffect,V/S/M,concentration,Up to 1 minute,Choose a humanoid that you can see within range. The target must succeed on a wisdom saving throw or be paralyzed for the duration. At the end of each of its turnsthe target can make another wisdom saving throw. On a successthe spell ends on the target.,No_AttackType,No_Damage,No_Heal,WIS
Holy-aura,8,Abjuration,No_Ritual,1 action,Self,Sphere:30,V/S/M,concentration,Up to 1 minute,Divine light washes out from you and coalesces in a soft radiance in a 30-foot radius around you. Creatures of your choice in that radius when you cast this spell shed dim light in a 5-foot radius and have advantage on all saving throwsand other creatures have disadvantage on attack rolls against them until the spell ends. In additionwhen a fiend or an undead hits an affected creature with a melee attackthe aura flashes with brilliant light. The attacker must succeed on a constitution saving throw or be blinded until the spell ends.,No_AttackType,No_Damage,No_Heal,No_SavingThrow
Hunters-mark,1,Divination,No_Ritual,1 bonus action,90 feet,No_AreaEffect,V,concentration,Up to 1 hour,You choose a creature you can see within range and mystically mark it as your quarry. Until the spell endsyou deal an extra 1d6 damage to the target whenever you hit it with a weapon attackand you have advantage on any Wisdom (Perception) or Wisdom (Survival) check you make to find it. If the target drops to 0 hit points before this spell endsyou can use a bonus action on a subsequent turn of yours to mark a new creature.,No_AttackType,No_Damage,No_Heal,No_SavingThrow
Hypnotic-pattern,3,Illusion,No_Ritual,1 action,120 feet,No_AreaEffect,S/M,concentration,Up to 1 minute,You create a twisting pattern of colors that weaves through the air inside a 30-foot cube within range. The pattern appears for a moment and vanishes. Each creature in the area who sees the pattern must make a wisdom saving throw. On a failed savethe creature becomes charmed for the duration. While charmed by this spellthe creature is incapacitated and has a speed of 0.The spell ends for an affected creature if it takes any damage or if someone else uses an action to shake the creature out of its stupor.,No_AttackType,No_Damage,No_Heal,WIS
Ice-storm,4,Evocation,No_Ritual,1 action,300 feet,Cylinder:20,V/S/M,No_Concentration,Instantaneous,A hail of rock-hard ice pounds to the ground in a 20-foot-radius40-foot-high cylinder centered on a point within range. Each creature in the cylinder must make a dexterity saving throw. A creature takes 2d8 bludgeoning damage and 4d6 cold damage on a failed saveor half as much damage on a successful one.Hailstones turn the storm's area of effect into difficult terrain until the end of your next turn.,No_AttackType,Bludgeoning,4:2d8 + 4d6/5:3d8 + 4d6/6:4d8 + 4d6/7:5d8 + 4d6/8:6d8 + 4d6/9:7d8 + 4d6,No_Heal,DEX
Identify,1,Divination,Ritual,1 minute,Touch,No_AreaEffect,V/S/M,No_Concentration,Instantaneous,You choose one object that you must touch throughout the casting of the spell. If it is a magic item or some other magic-imbued objectyou learn its properties and how to use themwhether it requires attunement to useand how many charges it hasif any. You learn whether any spells are affecting the item and what they are. If the item was created by a spellyou learn which spell created it.If you instead touch a creature throughout the castingyou learn what spellsif anyare currently affecting it.,No_AttackType,No_Damage,No_Heal,No_SavingThrow
Illusory-script,1,Illusion,Ritual,1 minute,Touch,No_AreaEffect,S/M,No_Concentration,10 days,You write on parchmentpaperor some other suitable writing material and imbue it with a potent illusion that lasts for the duration.To you and any creatures you designate when you cast the spellthe writing appears normalwritten in your handand conveys whatever meaning you intended when you wrote the text. To all othersthe writing appears as if it were written in an unknown or magical script that is unintelligible. Alternativelyyou can cause the writing to appear to be an entirely different messagewritten in a different hand and languagethough the language must be one you know.Should the spell be dispelledthe original script and the illusion both disappear.A creature with truesight can read the hidden message.,No_AttackType,No_Damage,No_Heal,No_SavingThrow
Imprisonment,9,Abjuration,No_Ritual,1 minute,30 feet,No_AreaEffect,V/S/M,No_Concentration,Until dispelled,You create a magical restraint to hold a creature that you can see within range. The target must succeed on a wisdom saving throw or be bound by the spell; if it succeedsit is immune to this spell if you cast it again. While affected by this spellthe creature doesn't need to breatheeator drinkand it doesn't age. Divination spells can't locate or perceive the target.When you cast the spellyou choose one of the following forms of imprisonment.***Burial.*** The target is entombed far beneath the earth in a sphere of magical force that is just large enough to contain the target. Nothing can pass through the spherenor can any creature teleport or use planar travel to get into or out of it.The special component for this version of the spell is a small mithral orb.***Chaining.*** Heavy chainsfirmly rooted in the groundhold the target in place. The target is restrained until the spell endsand it can't move or be moved by any means until then.The special component for this version of the spell is a fine chain of precious metal.***Hedged Prison.*** The spell transports the target into a tiny demiplane that is warded against teleportation and planar travel. The demiplane can be a labyrintha cagea toweror any similar confined structure or area of your choice.The special component for this version of the spell is a miniature representation of the prison made from jade.***Minimus Containment.*** The target shrinks to a height of 1 inch and is imprisoned inside a gemstone or similar object. Light can pass through the gemstone normally (allowing the target to see out and other creatures to see in)but nothing else can pass througheven by means of teleportation or planar travel. The gemstone can't be cut or broken while the spell remains in effect.The special component for this version of the spell is a largetransparent gemstonesuch as a corundumdiamondor ruby.***Slumber.*** The target falls asleep and can't be awoken.The special component for this version of the spell consists of rare soporific herbs.***Ending the Spell.*** During the casting of the spellin any of its versionsyou can specify a condition that will cause the spell to end and release the target. The condition can be as specific or as elaborate as you choosebut the GM must agree that the condition is reasonable and has a likelihood of coming to pass. The conditions can be based on a creature's nameidentityor deity but otherwise must be based on observable actions or qualities and not based on intangibles such as levelclassor hit points.A dispel magic spell can end the spell only if it is cast as a 9th-level spelltargeting either the prison or the special component used to create it.You can use a particular special component to create only one prison at a time. If you cast the spell again using the same componentthe target of the first casting is immediately freed from its binding.,No_AttackType,No_Damage,No_Heal,WIS
Incendiary-cloud,8,Conjuration,No_Ritual,1 action,150 feet,Sphere:20,V/S,concentration,Up to 1 minute,A swirling cloud of smoke shot through with white-hot embers appears in a 20-foot-radius sphere centered on a point within range. The cloud spreads around corners and is heavily obscured. It lasts for the duration or until a wind of moderate or greater speed (at least 10 miles per hour) disperses it.When the cloud appearseach creature in it must make a dexterity saving throw. A creature takes 10d8 fire damage on a failed saveor half as much damage on a successful one. A creature must also make this saving throw when it enters the spell's area for the first time on a turn or ends its turn there.The cloud moves 10 feet directly away from you in a direction that you choose at the start of each of your turns.,No_AttackType,Fire,8:10d8,No_Heal,DEX
Inflict-wounds,1,Necromancy,No_Ritual,1 action,Touch,No_AreaEffect,V/S,No_Concentration,Instantaneous,Make a melee spell attack against a creature you can reach. On a hitthe target takes 3d10 necrotic damage.,Melee,Necrotic,1:3d10/2:4d10/3:5d10/4:6d10/5:7d10/6:8d10/7:9d10/8:10d10/9:11d10,No_Heal,No_SavingThrow
Insect-plague,5,Conjuration,No_Ritual,1 action,300 feet,Sphere:20,V/S/M,concentration,Up to 10 minutes,Swarmingbiting locusts fill a 20-foot-radius sphere centered on a point you choose within range. The sphere spreads around corners. The sphere remains for the durationand its area is lightly obscured. The sphere's area is difficult terrain.When the area appearseach creature in it must make a constitution saving throw. A creature takes 4d10 piercing damage on a failed saveor half as much damage on a successful one. A creature must also make this saving throw when it enters the spell's area for the first time on a turn or ends its turn there.,No_AttackType,Piercing,5:4d10/6:5d10/7:6d10/8:7d10/9:8d10,No_Heal,CON
Instant-summons,6,Conjuration,Ritual,1 minute,Touch,No_AreaEffect,V/S/M,No_Concentration,Until dispelled,You touch an object weighing 10 pounds or less whose longest dimension is 6 feet or less. The spell leaves an invisible mark on its surface and invisibly inscribes the name of the item on the sapphire you use as the material component. Each time you cast this spellyou must use a different sapphire.At any time thereafteryou can use your action to speak the item's name and crush the sapphire. The item instantly appears in your hand regardless of physical or planar distancesand the spell ends.If another creature is holding or carrying the itemcrushing the sapphire doesn't transport the item to youbut instead you learn who the creature possessing the object is and roughly where that creature is located at that moment.Dispel magic or a similar effect successfully applied to the sapphire ends this spell's effect.,No_AttackType,No_Damage,No_Heal,No_SavingThrow
Invisibility,2,Illusion,No_Ritual,1 action,Touch,No_AreaEffect,V/S/M,concentration,Up to 1 hour,A creature you touch becomes invisible until the spell ends. Anything the target is wearing or carrying is invisible as long as it is on the target's person. The spell ends for a target that attacks or casts a spell.,No_AttackType,No_Damage,No_Heal,No_SavingThrow
Irresistible-dance,6,Enchantment,No_Ritual,1 action,30 feet,No_AreaEffect,V,concentration,Up to 1 minute,Choose one creature that you can see within range. The target begins a comic dance in place: shufflingtapping its feetand capering for the duration. Creatures that can't be charmed are immune to this spell.A dancing creature must use all its movement to dance without leaving its space and has disadvantage on dexterity saving throws and attack rolls. While the target is affected by this spellother creatures have advantage on attack rolls against it. As an actiona dancing creature makes a wisdom saving throw to regain control of itself. On a successful savethe spell ends.,No_AttackType,No_Damage,No_Heal,No_SavingThrow
Jump,1,Transmutation,No_Ritual,1 action,Touch,No_AreaEffect,V/S/M,No_Concentration,1 minute,You touch a creature. The creature's jump distance is tripled until the spell ends.,No_AttackType,No_Damage,No_Heal,No_SavingThrow
Knock,2,Transmutation,No_Ritual,1 action,60 feet,No_AreaEffect,V,No_Concentration,Instantaneous,Choose an object that you can see within range. The object can be a doora boxa chesta set of manaclesa padlockor another object that contains a mundane or magical means that prevents access.A target that is held shut by a mundane lock or that is stuck or barred becomes unlockedunstuckor unbarred. If the object has multiple locksonly one of them is unlocked.If you choose a target that is held shut with arcane lockthat spell is suppressed for 10 minutesduring which time the target can be opened and shut normally.When you cast the spella loud knockaudible from as far away as 300 feetemanates from the target object.,No_AttackType,No_Damage,No_Heal,No_SavingThrow
Legend-lore,5,Divination,No_Ritual,10 minutes,Self,No_AreaEffect,V/S/M,No_Concentration,Instantaneous,Name or describe a personplaceor object. The spell brings to your mind a brief summary of the significant lore about the thing you named. The lore might consist of current talesforgotten storiesor even secret lore that has never been widely known. If the thing you named isn't of legendary importanceyou gain no information. The more information you already have about the thingthe more precise and detailed the information you receive is.The information you learn is accurate but might be couched in figurative language. For exampleif you have a mysterious magic axe on hand the spell might yield this information: "Woe to the evildoer whose hand touches the axefor even the haft slices the hand of the evil ones. Only a true Child of Stonelover and beloved of Moradinmay awaken the true powers of the axeand only with the sacred word *Rudnogg* on the lips.",No_AttackType,No_Damage,No_Heal,No_SavingThrow
Lesser-restoration,2,Abjuration,No_Ritual,1 action,Touch,No_AreaEffect,V/S,No_Concentration,Instantaneous,You touch a creature and can end either one disease or one condition afflicting it. The condition can be blindeddeafenedparalyzedor poisoned.,No_AttackType,No_Damage,No_Heal,No_SavingThrow
Levitate,2,Transmutation,No_Ritual,1 action,60 feet,No_AreaEffect,V/S/M,concentration,Up to 10 minutes,One creature or object of your choice that you can see within range rises verticallyup to 20 feetand remains suspended there for the duration. The spell can levitate a target that weighs up to 500 pounds. An unwilling creature that succeeds on a constitution saving throw is unaffected.The target can move only by pushing or pulling against a fixed object or surface within reach (such as a wall or a ceiling)which allows it to move as if it were climbing. You can change the target's altitude by up to 20 feet in either direction on your turn. If you are the targetyou can move up or down as part of your move. Otherwiseyou can use your action to move the targetwhich must remain within the spell's range.When the spell endsthe target floats gently to the ground if it is still aloft.,No_AttackType,No_Damage,No_Heal,No_SavingThrow
Light,0,Evocation,No_Ritual,1 action,Touch,No_AreaEffect,V/M,No_Concentration,1 hour,You touch one object that is no larger than 10 feet in any dimension. Until the spell endsthe object sheds bright light in a 20-foot radius and dim light for an additional 20 feet. The light can be colored as you like. Completely covering the object with something opaque blocks the light. The spell ends if you cast it again or dismiss it as an action.If you target an object held or worn by a hostile creaturethat creature must succeed on a dexterity saving throw to avoid the spell.,No_AttackType,No_Damage,No_Heal,DEX
Lightning-bolt,3,Evocation,No_Ritual,1 action,Self,Line:100,V/S/M,No_Concentration,Instantaneous,A stroke of lightning forming a line 100 feet long and 5 feet wide blasts out from you in a direction you choose. Each creature in the line must make a dexterity saving throw. A creature takes 8d6 lightning damage on a failed saveor half as much damage on a successful one.The lightning ignites flammable objects in the area that aren't being worn or carried.,No_AttackType,Lightning,3:8d6/4:9d6/5:10d6/6:11d6/7:12d6/8:13d6/9:14d6,No_Heal,DEX
Locate-animals-or-plants,2,Divination,Ritual,1 action,Self,No_AreaEffect,V/S/M,No_Concentration,Instantaneous,Describe or name a specific kind of beast or plant. Concentrating on the voice of nature in your surroundingsyou learn the direction and distance to the closest creature or plant of that kind within 5 milesif any are present.,No_AttackType,No_Damage,No_Heal,No_SavingThrow
Locate-creature,4,Divination,No_Ritual,1 action,Self,No_AreaEffect,V/S/M,concentration,Up to 1 hour,Describe or name a creature that is familiar to you. You sense the direction to the creature's locationas long as that creature is within 1000 feet of you. If the creature is movingyou know the direction of its movement.The spell can locate a specific creature known to youor the nearest creature of a specific kind (such as a human or a unicorn)so long as you have seen such a creature up close--within 30 feet--at least once. If the creature you described or named is in a different formsuch as being under the effects of a polymorph spellthis spell doesn't locate the creature.This spell can't locate a creature if running water at least 10 feet wide blocks a direct path between you and the creature.,No_AttackType,No_Damage,No_Heal,No_SavingThrow
Locate-object,2,Divination,No_Ritual,1 action,Self,No_AreaEffect,V/S/M,concentration,Up to 10 minutes,Describe or name an object that is familiar to you. You sense the direction to the object's locationas long as that object is within 1000 feet of you. If the object is in motionyou know the direction of its movement.The spell can locate a specific object known to youas long as you have seen it up close--within 30 feet--at least once. Alternativelythe spell can locate the nearest object of a particular kindsuch as a certain kind of appareljewelryfurnituretoolor weapon.This spell can't locate an object if any thickness of leadeven a thin sheetblocks a direct path between you and the object.,No_AttackType,No_Damage,No_Heal,No_SavingThrow
Longstrider,1,Transmutation,No_Ritual,1 action,Touch,No_AreaEffect,V/S/M,No_Concentration,1 hour,You touch a creature. The target's speed increases by 10 feet until the spell ends.,No_AttackType,No_Damage,No_Heal,No_SavingThrow
Mage-armor,1,Abjuration,No_Ritual,1 action,Touch,No_AreaEffect,V/S/M,No_Concentration,8 hours,You touch a willing creature who isn't wearing armorand a protective magical force surrounds it until the spell ends. The target's base AC becomes 13 + its Dexterity modifier. The spell ends if the target dons armor or if you dismiss the spell as an action.,No_AttackType,No_Damage,No_Heal,No_SavingThrow
Mage-hand,0,Conjuration,No_Ritual,1 action,30 feet,No_AreaEffect,V/S,No_Concentration,1 minute,A spectralfloating hand appears at a point you choose within range. The hand lasts for the duration or until you dismiss it as an action. The hand vanishes if it is ever more than 30 feet away from you or if you cast this spell again.You can use your action to control the hand. You can use the hand to manipulate an objectopen an unlocked door or containerstow or retrieve an item from an open containeror pour the contents out of a vial. You can move the hand up to 30 feet each time you use it.The hand can't attackactivate magic itemsor carry more than 10 pounds.,No_AttackType,No_Damage,No_Heal,No_SavingThrow
Magic-circle,3,Abjuration,No_Ritual,1 minute,10 feet,Cylinder:10,V/S/M,No_Concentration,1 hour,You create a 10-foot radius20-foot-tall cylinder of magical energy centered on a point on the ground that you can see within range. Glowing runes appear whenever the cylinder intersects with the floor or other surface.Choose one or more of the following types of creatures: celestialselementalsfeyfiendsor undead. The circle affects a creature of the chosen type in the following ways:- The creature can't willingly enter the cylinder by nonmagical means. If the creature tries to use teleportation or interplanar travel to do soit must first succeed on a charisma saving throw.- The creature has disadvantage on attack rolls against targets within the cylinder.- Targets within the cylinder can't be charmedfrightenedor possessed by the creature.When you cast this spellyou can elect to cause its magic to operate in the reverse directionpreventing a creature of the specified type from leaving the cylinder and protecting targets outside it.,No_AttackType,No_Damage,No_Heal,CHA
Magic-jar,6,Necromancy,No_Ritual,1 minute,Self,No_AreaEffect,V/S/M,No_Concentration,Until dispelled,Your body falls into a catatonic state as your soul leaves it and enters the container you used for the spell's material component. While your soul inhabits the containeryou are aware of your surroundings as if you were in the container's space. You can't move or use reactions. The only action you can take is to project your soul up to 100 feet out of the containereither returning to your living body (and ending the spell) or attempting to possess a humanoids body.You can attempt to possess any humanoid within 100 feet of you that you can see (creatures warded by a protection from evil and good or magic circle spell can't be possessed). The target must make a charisma saving throw. On a failureyour soul moves into the target's bodyand the target's soul becomes trapped in the container. On a successthe target resists your efforts to possess itand you can't attempt to possess it again for 24 hours.Once you possess a creature's bodyyou control it. Your game statistics are replaced by the statistics of the creaturethough you retain your alignment and your IntelligenceWisdomand Charisma scores. You retain the benefit of your own class features. If the target has any class levelsyou can't use any of its class features.Meanwhilethe possessed creature's soul can perceive from the container using its own sensesbut it can't move or take actions at all.While possessing a bodyyou can use your action to return from the host body to the container if it is within 100 feet of youreturning the host creature's soul to its body. If the host body dies while you're in itthe creature diesand you must make a charisma saving throw against your own spellcasting DC. On a successyou return to the container if it is within 100 feet of you. Otherwiseyou die.If the container is destroyed or the spell endsyour soul immediately returns to your body. If your body is more than 100 feet away from you or if your body is dead when you attempt to return to ityou die. If another creature's soul is in the container when it is destroyedthe creature's soul returns to its body if the body is alive and within 100 feet. Otherwisethat creature dies.When the spell endsthe container is destroyed.,No_AttackType,No_Damage,No_Heal,CHA
Magic-missile,1,Evocation,No_Ritual,1 action,120 feet,No_AreaEffect,V/S,No_Concentration,Instantaneous,You create three glowing darts of magical force. Each dart hits a creature of your choice that you can see within range. A dart deals 1d4 + 1 force damage to its target. The darts all strike simultaneouslyand you can direct them to hit one creature or several.,No_AttackType,Force,1:1d4 + 1/2:1d4 + 1/3:1d4 + 1/4:1d4 + 1/5:1d4 + 1/6:1d4 + 1/7:1d4 + 1/8:1d4 + 1/9:1d4 + 1,No_Heal,No_SavingThrow
Magic-mouth,2,Illusion,Ritual,1 minute,30 feet,No_AreaEffect,V/S/M,No_Concentration,Until dispelled,You plant a message to an object in the range of the spell. The message is verbalized when the trigger conditions are met. Choose an object that you seeand that is not worn or carried by another creature. Then say the messagewhich should not exceed 25 words but listening can take up to 10 minutes. Finallyestablish the circumstances that trigger the spell to deliver your message.When these conditions are satisfieda magical mouth appears on the object and it articulates the message imitating your voicethe same tone used during implantation of the message. If the selected object has a mouth or something that approaches such as the mouth of a statuethe magic mouth come alive at this pointgiving the illusion that the words come from the mouth of the object.When you cast this spellyou may decide that the spell ends when the message is delivered or it can persist and repeat the message whenever circumstances occur.The triggering circumstance can be as general or as detailed as you likethough it must be based on visual or audible conditions that occur within 30 feet of the object. For exampleyou could instruct the mouth to speak when any creature moves within 30 feet of the object or when a silver bell rings within 30 feet of it.,No_AttackType,No_Damage,No_Heal,No_SavingThrow
Magic-weapon,2,Transmutation,No_Ritual,1 bonus action,Touch,No_AreaEffect,V/S,concentration,Up to 1 hour,You touch a nonmagical weapon. Until the spell endsthat weapon becomes a magic weapon with a +1 bonus to attack rolls and damage rolls.,No_AttackType,No_Damage,No_Heal,No_SavingThrow
Magnificent-mansion,7,Conjuration,No_Ritual,1 minute,300 feet,Cube:5,V/S/M,No_Concentration,24 hours,You conjure an extradimensional dwelling in range that lasts for the duration. You choose where its one entrance is located. The entrance shimmers faintly and is 5 feet wide and 10 feet tall. You and any creature you designate when you cast the spell can enter the extradimensional dwelling as long as the portal remains open. You can open or close the portal if you are within 30 feet of it. While closedthe portal is invisible.Beyond the portal is a magnificent foyer with numerous chambers beyond. The atmosphere is cleanfreshand warm.You can create any floor plan you likebut the space can't exceed 50 cubeseach cube being 10 feet on each side. The place is furnished and decorated as you choose. It contains sufficient food to serve a nine course banquet for up to 100 people. A staff of 100 near-transparent servants attends all who enter. You decide the visual appearance of these servants and their attire. They are completely obedient to your orders. Each servant can perform any task a normal human servant could performbut they can't attack or take any action that would directly harm another creature. Thus the servants can fetch thingscleanmendfold clotheslight firesserve foodpour wineand so on. The servants can go anywhere in the mansion but can't leave it. Furnishings and other objects created by this spell dissipate into smoke if removed from the mansion. When the spell endsany creatures inside the extradimensional space are expelled into the open spaces nearest to the entrance.,No_AttackType,No_Damage,No_Heal,No_SavingThrow
Major-image,3,Illusion,No_Ritual,1 action,120 feet,No_AreaEffect,V/S/M,concentration,Up to 10 minutes,You create the image of an objecta creatureor some other visible phenomenon that is no larger than a 20-foot cube. The image appears at a spot that you can see within range and lasts for the duration. It seems completely realincluding soundssmellsand temperature appropriate to the thing depicted. You can't create sufficient heat or cold to cause damagea sound loud enough to deal thunder damage or deafen a creatureor a smell that might sicken a creature (like a troglodyte's stench).As long as you are within range of the illusionyou can use your action to cause the image to move to any other spot within range. As the image changes locationyou can alter its appearance so that its movements appear natural for the image. For exampleif you create an image of a creature and move ityou can alter the image so that it appears to be walking. Similarlyyou can cause the illusion to make different sounds at different timeseven making it carry on a conversationfor example.Physical interaction with the image reveals it to be an illusionbecause things can pass through it. A creature that uses its action to examine the image can determine that it is an illusion with a successful Intelligence (Investigation) check against your spell save DC. If a creature discerns the illusion for what it isthe creature can see through the imageand its other sensory qualities become faint to the creature.,No_AttackType,No_Damage,No_Heal,No_SavingThrow
Mass-cure-wounds,5,Conjuration,No_Ritual,1 action,60 feet,Sphere:30,V/S,No_Concentration,Instantaneous,A wave of healing energy washes out from a point of your choice within range. Choose up to six creatures in a 30-foot-radius sphere centered on that point. Each target regains hit points equal to 3d8 + your spellcasting ability modifier. This spell has no effect on undead or constructs.,No_AttackType,No_Damage,5:3d8 + MOD/6:4d8 + MOD/7:5d8 + MOD/8:6d8 + MOD/9:7d8 + MOD,No_SavingThrow
Mass-heal,9,Conjuration,No_Ritual,1 action,60 feet,No_AreaEffect,V/S,No_Concentration,Instantaneous,A flood of healing energy flows from you into injured creatures around you. You restore up to 700 hit pointsdivided as you choose among any number of creatures that you can see within range. Creatures healed by this spell are also cured of all diseases and any effect making them blinded or deafened. This spell has no effect on undead or constructs.,No_AttackType,No_Damage,9:700,No_SavingThrow
Mass-healing-word,3,Evocation,No_Ritual,1 bonus action,60 feet,No_AreaEffect,V,No_Concentration,Instantaneous,As you call out words of restorationup to six creatures of your choice that you can see within range regain hit points equal to 1d4 + your spellcasting ability modifier. This spell has no effect on undead or constructs.,No_AttackType,No_Damage,3:1d4 + MOD/4:2d4 + MOD/5:3d4 + MOD/6:4d4 + MOD/7:5d4 + MOD/8:6d4 + MOD/9:7d4 + MOD,No_SavingThrow
Mass-suggestion,6,Enchantment,No_Ritual,1 action,60 feet,No_AreaEffect,V/M,No_Concentration,24 hours,You suggest a course of activity (limited to a sentence or two) and magically influence up to twelve creatures of your choice that you can see within range and that can hear and understand you. Creatures that can't be charmed are immune to this effect. The suggestion must be worded in such a manner as to make the course of action sound reasonable. Asking the creature to stab itselfthrow itself onto a spearimmolate itselfor do some other obviously harmful act automatically negates the effect of the spell.Each target must make a wisdom saving throw. On a failed saveit pursues the course of action you described to the best of its ability. The suggested course of action can continue for the entire duration. If the suggested activity can be completed in a shorter timethe spell ends when the subject finishes what it was asked to do.You can also specify conditions that will trigger a special activity during the duration. For exampleyou might suggest that a group of soldiers give all their money to the first beggar they meet. If the condition isn't met before the spell endsthe activity isn't performed.If you or any of your companions damage a creature affected by this spellthe spell ends for that creature.,No_AttackType,No_Damage,No_Heal,WIS
Maze,8,Conjuration,No_Ritual,1 action,60 feet,No_AreaEffect,V/S,concentration,Up to 10 minutes,You banish a creature that you can see within range into a labyrinthine demiplane. The target remains there for the duration or until it escapes the maze.The target can use its action to attempt to escape. When it does soit makes a DC 20 Intelligence check. If it succeedsit escapesand the spell ends (a minotaur or goristro demon automatically succeeds).When the spell endsthe target reappears in the space it left orif that space is occupiedin the nearest unoccupied space.,No_AttackType,No_Damage,No_Heal,No_SavingThrow
Meld-into-stone,3,Transmutation,Ritual,1 action,Touch,No_AreaEffect,V/S,No_Concentration,8 hours,You step into a stone object or surface large enough to fully contain your bodymelding yourself and all the equipment you carry with the stone for the duration. Using your movementyou step into the stone at a point you can touch. Nothing of your presence remains visible or otherwise detectable by nonmagical senses.While merged with the stoneyou can't see what occurs outside itand any Wisdom (Perception) checks you make to hear sounds outside it are made with disadvantage. You remain aware of the passage of time and can cast spells on yourself while merged in the stone. You can use your movement to leave the stone where you entered itwhich ends the spell. You otherwise can't move.Minor physical damage to the stone doesn't harm youbut its partial destruction or a change in its shape (to the extent that you no longer fit within it) expels you and deals 6d6 bludgeoning damage to you. The stone's complete destruction (or transmutation into a different substance) expels you and deals 50 bludgeoning damage to you. If expelledyou fall prone in an unoccupied space closest to where you first entered.,No_AttackType,No_Damage,No_Heal,No_SavingThrow
Mending,0,Transmutation,No_Ritual,1 minute,Touch,No_AreaEffect,V/S/M,No_Concentration,Instantaneous,This spell repairs a single break or tear in an object you touchsuch as a broken keya torn cloakor a leaking wineskin. As long as the break or tear is no longer than 1 foot in any dimensionyou mend itleaving no trace of the former damage.This spell can physically repair a magic item or constructbut the spell can't restore magic to such an object.,No_AttackType,No_Damage,No_Heal,No_SavingThrow
Message,0,Transmutation,No_Ritual,1 action,120 feet,No_AreaEffect,V/S/M,No_Concentration,1 round,You point your finger toward a creature within range and whisper a message. The target (and only the target) hears the message and can reply in a whisper that only you can hear.You can cast this spell through solid objects if you are familiar with the target and know it is beyond the barrier. Magical silence1 foot of stone1 inch of common metala thin sheet of leador 3 feet of wood blocks the spell. The spell doesn't have to follow a straight line and can travel freely around corners or through openings.,No_AttackType,No_Damage,No_Heal,No_SavingThrow
Meteor-swarm,9,Evocation,No_Ritual,1 action,1 mile,Sphere:40,V/S,No_Concentration,Instantaneous,Blazing orbs of fire plummet to the ground at four different points you can see within range. Each creature in a 40-foot-radius sphere centered on each point you choose must make a dexterity saving throw. The sphere spreads around corners. A creature takes 20d6 fire damage and 20d6 bludgeoning damage on a failed saveor half as much damage on a successful one. A creature in the area of more than one fiery burst is affected only once.The spell damages objects in the area and ignites flammable objects that aren't being worn or carried.,No_AttackType,Fire,9:20d6 + 20d6,No_Heal,DEX
Mind-blank,8,Abjuration,No_Ritual,1 action,Touch,No_AreaEffect,V/S,No_Concentration,24 hours,Until the spell endsone willing creature you touch is immune to psychic damageany effect that would sense its emotions or read its thoughtsdivination spellsand the charmed condition. The spell even foils wish spells and spells or effects of similar power used to affect the target's mind or to gain information about the target.,No_AttackType,No_Damage,No_Heal,No_SavingThrow
Minor-illusion,0,Illusion,No_Ritual,1 action,30 feet,No_AreaEffect,S/M,No_Concentration,1 minute,You create a sound or an image of an object within range that lasts for the duration. The illusion also ends if you dismiss it as an action or cast this spell again.If you create a soundits volume can range from a whisper to a scream. It can be your voicesomeone else's voicea lion's roara beating of drumsor any other sound you choose. The sound continues unabated throughout the durationor you can make discrete sounds at different times before the spell ends.If you create an image of an object--such as a chairmuddy footprintsor a small chest--it must be no larger than a 5-foot cube. The image can't create soundlightsmellor any other sensory effect. Physical interaction with the image reveals it to be an illusionbecause things can pass through it.If a creature uses its action to examine the sound or imagethe creature can determine that it is an illusion with a successful Intelligence (Investigation) check against your spell save DC. If a creature discerns the illusion for what it isthe illusion becomes faint to the creature.,No_AttackType,No_Damage,No_Heal,No_SavingThrow
Mirage-arcane,7,Illusion,No_Ritual,10 minutes,Sight,Cube:5280,V/S,No_Concentration,10 days,You make terrain in an area up to 1 mile square looksoundsmelland even feel like some other sort of terrain. The terrain's general shape remains the samehowever. Open fields or a road could be made to resemble a swamphillcrevasseor some other difficult or impassable terrain. A pond can be made to seem like a grassy meadowa precipice like a gentle slopeor a rock-strewn gully like a wide and smooth road.Similarlyyou can alter the appearance of structuresor add them where none are present. The spell doesn't disguiseconcealor add creatures.The illusion includes audiblevisualtactileand olfactory elementsso it can turn clear ground into difficult terrain (or vice versa) or otherwise impede movement through the area. Any piece of the illusory terrain (such as a rock or stick) that is removed from the spell's area disappears immediately.Creatures with truesight can see through the illusion to the terrain's true form; howeverall other elements of the illusion remainso while the creature is aware of the illusion's presencethe creature can still physically interact with the illusion.,No_AttackType,No_Damage,No_Heal,No_SavingThrow
Mirror-image,2,Illusion,No_Ritual,1 action,Self,No_AreaEffect,V/S,No_Concentration,1 minute,Three illusory duplicates of yourself appear in your space. Until the spell endsthe duplicates move with you and mimic your actionsshifting position so it's impossible to track which image is real. You can use your action to dismiss the illusory duplicates.Each time a creature targets you with an attack during the spell's durationroll a d20 to determine whether the attack instead targets one of your duplicates.If you have three duplicatesyou must roll a 6 or higher to change the attack's target to a duplicate. With two duplicatesyou must roll an 8 or higher. With one duplicateyou must roll an 11 or higher.A duplicate's AC equals 10 + your Dexterity modifier. If an attack hits a duplicatethe duplicate is destroyed. A duplicate can be destroyed only by an attack that hits it. It ignores all other damage and effects. The spell ends when all three duplicates are destroyed.A creature is unaffected by this spell if it can't seeif it relies on senses other than sightsuch as blindsightor if it can perceive illusions as falseas with truesight.,No_AttackType,No_Damage,No_Heal,No_SavingThrow
Mislead,5,Illusion,No_Ritual,1 action,Self,No_AreaEffect,S,concentration,Up to 1 hour,You become invisible at the same time that an illusory double of you appears where you are standing. The double lasts for the durationbut the invisibility ends if you attack or cast a spell.You can use your action to move your illusory double up to twice your speed and make it gesturespeakand behave in whatever way you choose.You can see through its eyes and hear through its ears as if you were located where it is. On each of your turns as a bonus actionyou can switch from using its senses to using your ownor back again. While you are using its sensesyou are blinded and deafened in regard to your own surroundings.,No_AttackType,No_Damage,No_Heal,No_SavingThrow
Misty-step,2,Conjuration,No_Ritual,1 bonus action,Self,No_AreaEffect,V,No_Concentration,Instantaneous,Briefly surrounded by silvery mistyou teleport up to 30 feet to an unoccupied space that you can see.,No_AttackType,No_Damage,No_Heal,No_SavingThrow
Modify-memory,5,Enchantment,No_Ritual,1 action,30 feet,No_AreaEffect,V/S,concentration,Up to 1 minute,You attempt to reshape another creature's memories. One creature that you can see must make a wisdom saving throw. If you are fighting the creatureit has advantage on the saving throw. On a failed savethe target becomes charmed by you for the duration. The charmed target is incapacitated and unaware of its surroundingsthough it can still hear you. If it takes any damage or is targeted by another spellthis spell endsand none of the target's memories are modified.While this charm lastsyou can affect the target's memory of an event that it experienced within the last 24 hours and that lasted no more than 10 minutes. You can permanently eliminate all memory of the eventallow the target to recall the event with perfect clarity and exacting detailchange its memory of the details of the eventor create a memory of some other event.You must speak to the target to describe how its memories are affectedand it must be able to understand your language for the modified memories to take root. Its mind fills in any gaps in the details of your description. If the spell ends before you have finished describing the modified memoriesthe creature's memory isn't altered. Otherwisethe modified memories take hold when the spell ends.A modified memory doesn't necessarily affect how a creature behavesparticularly if the memory contradicts the creature's natural inclinationsalignmentor beliefs. An illogical modified memorysuch as implanting a memory of how much the creature enjoyed dousing itself in acidis dismissedperhaps as a bad dream. The GM might deem a modified memory too nonsensical to affect a creature in a significant manner.A remove curse or greater restoration spell cast on the target restores the creature's true memory.,No_AttackType,No_Damage,No_Heal,WIS
Moonbeam,2,Evocation,No_Ritual,1 action,120 feet,Cylinder:5,V/S/M,concentration,Up to 1 minute,A silvery beam of pale light shines down in a 5-foot radius40-foot-high cylinder centered on a point within range. Until the spell endsdim light fills the cylinder.When a creature enters the spell's area for the first time on a turn or starts its turn thereit is engulfed in ghostly flames that cause searing painand it must make a constitution saving throw. It takes 2d10 radiant damage on a failed saveor half as much damage on a successful one.A shapechanger makes its saving throw with disadvantage. If it failsit also instantly reverts to its original form and can't assume a different form until it leaves the spell's light.On each of your turns after you cast this spellyou can use an action to move the beam 60 feet in any direction.,No_AttackType,Radiant,2:2d10/3:3d10/4:4d10/5:5d10/6:6d10/7:7d10/8:8d10/9:9d10,No_Heal,CON
Move-earth,6,Transmutation,No_Ritual,1 action,120 feet,Cone:40,V/S/M,concentration,Up to 2 hours,Choose an area of terrain no larger than 40 feet on a side within range. You can reshape dirtsandor clay in the area in any manner you choose for the duration. You can raise or lower the area's elevationcreate or fill in a trencherect or flatten a wallor form a pillar. The extent of any such changes can't exceed half the area's largest dimension. Soif you affect a 40-foot squareyou can create a pillar up to 20 feet highraise or lower the square's elevation by up to 20 feetdig a trench up to 20 feet deepand so on. It takes 10 minutes for these changes to complete.At the end of every 10 minutes you spend concentrating on the spellyou can choose a new area of terrain to affect.Because the terrain's transformation occurs slowlycreatures in the area can't usually be trapped or injured by the ground's movement.This spell can't manipulate natural stone or stone construction. Rocks and structures shift to accommodate the new terrain. If the way you shape the terrain would make a structure unstableit might collapse.Similarlythis spell doesn't directly affect plant growth. The moved earth carries any plants along with it.,No_AttackType,No_Damage,No_Heal,No_SavingThrow
Nondetection,3,Abjuration,No_Ritual,1 action,Touch,No_AreaEffect,V/S/M,No_Concentration,8 hours,For the durationyou hide a target that you touch from divination magic. The target can be a willing creature or a place or an object no larger than 10 feet in any dimension. The target can't be targeted by any divination magic or perceived through magical scrying sensors.,No_AttackType,No_Damage,No_Heal,No_SavingThrow
Pass-without-trace,2,Abjuration,No_Ritual,1 action,Self,No_AreaEffect,V/S/M,concentration,Up to 1 hour,A veil of shadows and silence radiates from youmasking you and your companions from detection. For the durationeach creature you choose within 30 feet of you (including you) has a +10 bonus to Dexterity (Stealth) checks and can't be tracked except by magical means. A creature that receives this bonus leaves behind no tracks or other traces of its passage.,No_AttackType,No_Damage,No_Heal,No_SavingThrow
Passwall,5,Transmutation,No_Ritual,1 action,30 feet,No_AreaEffect,V/S/M,No_Concentration,1 hour,A passage appears at a point of your choice that you can see on a woodenplasteror stone surface (such as a walla ceilingor a floor) within rangeand lasts for the duration. You choose the opening's dimensions: up to 5 feet wide8 feet talland 20 feet deep. The passage creates no instability in a structure surrounding it.When the opening disappearsany creatures or objects still in the passage created by the spell are safely ejected to an unoccupied space nearest to the surface on which you cast the spell.,No_AttackType,No_Damage,No_Heal,No_SavingThrow
Phantasmal-killer,4,Illusion,No_Ritual,1 action,120 feet,No_AreaEffect,V/S,concentration,Up to 1 minute,You tap into the nightmares of a creature you can see within range and create an illusory manifestation of its deepest fearsvisible only to that creature. The target must make a wisdom saving throw. On a failed savethe target becomes frightened for the duration. At the start of each of the target's turns before the spell endsthe target must succeed on a wisdom saving throw or take 4d10 psychic damage. On a successful savethe spell ends.,No_AttackType,Psychic,4:4d10,No_Heal,WIS
Phantom-steed,3,Illusion,Ritual,1 minute,30 feet,No_AreaEffect,V/S,No_Concentration,1 hour,A Large quasi-realhorselike creature appears on the ground in an unoccupied space of your choice within range. You decide the creature's appearancebut it is equipped with a saddlebitand bridle. Any of the equipment created by the spell vanishes in a puff of smoke if it is carried more than 10 feet away from the steed.For the durationyou or a creature you choose can ride the steed. The creature uses the statistics for a riding horseexcept it has a speed of 100 feet and can travel 10 miles in an houror 13 miles at a fast pace. When the spell endsthe steed gradually fadesgiving the rider 1 minute to dismount. The spell ends if you use an action to dismiss it or if the steed takes any damage.,No_AttackType,No_Damage,No_Heal,No_SavingThrow
Planar-ally,6,Conjuration,No_Ritual,10 minutes,60 feet,No_AreaEffect,V/S,No_Concentration,Instantaneous,You beseech an otherworldly entity for aid. The being must be known to you: a goda primordiala demon princeor some other being of cosmic power. That entity sends a celestialan elementalor a fiend loyal to it to aid youmaking the creature appear in an unoccupied space within range. If you know a specific creature's nameyou can speak that name when you cast this spell to request that creaturethough you might get a different creature anyway (GM's choice).When the creature appearsit is under no compulsion to behave in any particular way. You can ask the creature to perform a service in exchange for paymentbut it isn't obliged to do so. The requested task could range from simple (fly us across the chasmor help us fight a battle) to complex (spy on our enemiesor protect us during our foray into the dungeon). You must be able to communicate with the creature to bargain for its services.Payment can take a variety of forms. A celestial might require a sizable donation of gold or magic items to an allied templewhile a fiend might demand a living sacrifice or a gift of treasure. Some creatures might exchange their service for a quest undertaken by you.As a rule of thumba task that can be measured in minutes requires a payment worth 100 gp per minute. A task measured in hours requires 1000 gp per hour. And a task measured in days (up to 10 days) requires 10000 gp per day. The GM can adjust these payments based on the circumstances under which you cast the spell. If the task is aligned with the creature's ethosthe payment might be halved or even waived. Nonhazardous tasks typically require only half the suggested paymentwhile especially dangerous tasks might require a greater gift. Creatures rarely accept tasks that seem suicidal.After the creature completes the taskor when the agreed-upon duration of service expiresthe creature returns to its home plane after reporting back to youif appropriate to the task and if possible. If you are unable to agree on a price for the creature's servicethe creature immediately returns to its home plane.A creature enlisted to join your group counts as a member of itreceiving a full share of experience points awarded.,No_AttackType,No_Damage,No_Heal,No_SavingThrow
Planar-binding,5,Abjuration,No_Ritual,1 hour,60 feet,No_AreaEffect,V/S/M,No_Concentration,24 hours,With this spellyou attempt to bind a celestialan elementala feyor a fiend to your service. The creature must be within range for the entire casting of the spell. (Typicallythe creature is first summoned into the center of an inverted magic circle in order to keep it trapped while this spell is cast.) At the completion of the castingthe target must make a charisma saving throw. On a failed saveit is bound to serve you for the duration. If the creature was summoned or created by another spellthat spell's duration is extended to match the duration of this spell.A bound creature must follow your instructions to the best of its ability. You might command the creature to accompany you on an adventureto guard a locationor to deliver a message. The creature obeys the letter of your instructionsbut if the creature is hostile to youit strives to twist your words to achieve its own objectives. If the creature carries out your instructions completely before the spell endsit travels to you to report this fact if you are on the same plane of existence. If you are on a different plane of existenceit returns to the place where you bound it and remains there until the spell ends.,No_AttackType,No_Damage,No_Heal,CHA
Plane-shift,7,Conjuration,No_Ritual,1 action,Touch,No_AreaEffect,V/S/M,No_Concentration,Instantaneous,You and up to eight willing creatures who link hands in a circle are transported to a different plane of existence. You can specify a target destination in general termssuch as the City of Brass on the Elemental Plane of Fire or the palace of Dispater on the second level of the Nine Hellsand you appear in or near that destination. If you are trying to reach the City of Brassfor exampleyou might arrive in its Street of Steelbefore its Gate of Ashesor looking at the city from across the Sea of Fireat the GM's discretion.Alternativelyif you know the sigil sequence of a teleportation circle on another plane of existencethis spell can take you to that circle. If the teleportation circle is too small to hold all the creatures you transportedthey appear in the closest unoccupied spaces next to the circle.You can use this spell to banish an unwilling creature to another plane. Choose a creature within your reach and make a melee spell attack against it. On a hitthe creature must make a charisma saving throw. If the creature fails this saveit is transported to a random location on the plane of existence you specify. A creature so transported must find its own way back to your current plane of existence.,Melee,No_Damage,No_Heal,CHA
Plant-growth,3,Transmutation,No_Ritual,1 action,150 feet,No_AreaEffect,V/S,No_Concentration,Instantaneous,This spell channels vitality into plants within a specific area. There are two possible uses for the spellgranting either immediate or long-term benefits.If you cast this spell using 1 actionchoose a point within range. All normal plants in a 100-foot radius centered on that point become thick and overgrown. A creature moving through the area must spend 4 feet of movement for every 1 foot it moves.You can exclude one or more areas of any size within the spell's area from being affected.If you cast this spell over 8 hoursyou enrich the land. All plants in a half-mile radius centered on a point within range become enriched for 1 year. The plants yield twice the normal amount of food when harvested.,No_AttackType,No_Damage,No_Heal,No_SavingThrow
Poison-spray,0,Conjuration,No_Ritual,1 action,10 feet,No_AreaEffect,V/S,No_Concentration,Instantaneous,You extend your hand toward a creature you can see within range and project a puff of noxious gas from your palm. The creature must succeed on a constitution saving throw or take 1d12 poison damage.This spell's damage increases by 1d12 when you reach 5th level (2d12)11th level (3d12)and 17th level (4d12).,No_AttackType,Poison,1:1d12/5:2d12/11:3d12/17:4d12,No_Heal,CON
Polymorph,4,Transmutation,No_Ritual,1 action,60 feet,No_AreaEffect,V/S/M,concentration,Up to 1 hour,This spell transforms a creature that you can see within range into a new form. An unwilling creature must make a wisdom saving throw to avoid the effect. A shapechanger automatically succeeds on this saving throw.The transformation lasts for the durationor until the target drops to 0 hit points or dies. The new form can be any beast whose challenge rating is equal to or less than the target's (or the target's levelif it doesn't have a challenge rating). The target's game statisticsincluding mental ability scoresare replaced by the statistics of the chosen beast. It retains its alignment and personality.The target assumes the hit points of its new form. When it reverts to its normal formthe creature returns to the number of hit points it had before it transformed. If it reverts as a result of dropping to 0 hit pointsany excess damage carries over to its normal form. As long as the excess damage doesn't reduce the creature's normal form to 0 hit pointsit isn't knocked unconscious.The creature is limited in the actions it can perform by the nature of its new formand it can't speakcast spellsor take any other action that requires hands or speech.The target's gear melds into the new form. The creature can't activateusewieldor otherwise benefit from any of its equipment.,No_AttackType,No_Damage,No_Heal,WIS
Power-word-kill,9,Enchantment,No_Ritual,1 action,60 feet,No_AreaEffect,V,No_Concentration,Instantaneous,You utter a word of power that can compel one creature you can see within range to die instantly. If the creature you choose has 100 hit points or fewerit dies. Otherwisethe spell has no effect.,No_AttackType,No_Damage,No_Heal,No_SavingThrow
Power-word-stun,8,Enchantment,No_Ritual,1 action,60 feet,No_AreaEffect,V,No_Concentration,Instantaneous,You speak a word of power that can overwhelm the mind of one creature you can see within rangeleaving it dumbfounded. If the target has 150 hit points or fewerit is stunned. Otherwisethe spell has no effect.The stunned target must make a constitution saving throw at the end of each of its turns. On a successful savethis stunning effect ends.,No_AttackType,No_Damage,No_Heal,No_SavingThrow
Prayer-of-healing,2,Evocation,No_Ritual,10 minutes,30 feet,No_AreaEffect,V,No_Concentration,Instantaneous,Up to six creatures of your choice that you can see within range each regain hit points equal to 2d8 + your spellcasting ability modifier. This spell has no effect on undead or constructs.,No_AttackType,No_Damage,2:2d8 + MOD/3:3d8 + MOD/4:4d8 + MOD/5:5d8 + MOD/6:6d8 + MOD/7:7d8 + MOD/8:8d8 + MOD/9:9d8 + MOD,No_SavingThrow
Prestidigitation,0,Transmutation,No_Ritual,1 action,10 feet,No_AreaEffect,V/S,No_Concentration,1 hour,This spell is a minor magical trick that novice spellcasters use for practice. You create one of the following magical effects within 'range':You create an instantaneousharmless sensory effectsuch as a shower of sparksa puff of windfaint musical notesor an odd odor.You instantaneously light or snuff out a candlea torchor a small campfire.You instantaneously clean or soil an object no larger than 1 cubic foot.You chillwarmor flavor up to 1 cubic foot of nonliving material for 1 hour.You make a colora small markor a symbol appear on an object or a surface for 1 hour.You create a nonmagical trinket or an illusory image that can fit in your hand and that lasts until the end of your next turn.If you cast this spell multiple timesyou can have up to three of its non-instantaneous effects active at a timeand you can dismiss such an effect as an action.,No_AttackType,No_Damage,No_Heal,No_SavingThrow
Prismatic-spray,7,Evocation,No_Ritual,1 action,Self,Cone:60,V/S,No_Concentration,Instantaneous,Eight multicolored rays of light flash from your hand. Each ray is a different color and has a different power and purpose. Each creature in a 60-foot cone must make a dexterity saving throw. For each targetroll a d8 to determine which color ray affects it.***1. Red.*** The target takes 10d6 fire damage on a failed saveor half as much damage on a successful one.***2. Orange.*** The target takes 10d6 acid damage on a failed saveor half as much damage on a successful one.***3. Yellow.*** The target takes 10d6 lightning damage on a failed saveor half as much damage on a successful one.***4. Green.*** The target takes 10d6 poison damage on a failed saveor half as much damage on a successful one.***5. Blue.*** The target takes 10d6 cold damage on a failed saveor half as much damage on a successful one.***6. Indigo.*** On a failed savethe target is restrained. It must then make a constitution saving throw at the end of each of its turns. If it successfully saves three timesthe spell ends. If it fails its save three timesit permanently turns to stone and is subjected to the petrified condition. The successes and failures don't need to be consecutive; keep track of both until the target collects three of a kind.***7. Violet.*** On a failed savethe target is blinded. It must then make a wisdom saving throw at the start of your next turn. A successful save ends the blindness. If it fails that savethe creature is transported to another plane of existence of the GM's choosing and is no longer blinded. (Typicallya creature that is on a plane that isn't its home plane is banished homewhile other creatures are usually cast into the Astral or Ethereal planes.)***8. Special.*** The target is struck by two rays. Roll twice morererolling any 8.,No_AttackType,0,7:10d6,No_Heal,DEX
Prismatic-wall,9,Abjuration,No_Ritual,1 action,60 feet,Line:90,V/S,No_Concentration,10 minutes,A shimmeringmulticolored plane of light forms a vertical opaque wall--up to 90 feet long30 feet highand 1 inch thick--centered on a point you can see within range. Alternativelyyou can shape the wall into a sphere up to 30 feet in diameter centered on a point you choose within range. The wall remains in place for the duration. If you position the wall so that it passes through a space occupied by a creaturethe spell failsand your action and the spell slot are wasted.The wall sheds bright light out to a range of 100 feet and dim light for an additional 100 feet. You and creatures you designate at the time you cast the spell can pass through and remain near the wall without harm. If another creature that can see the wall moves to within 20 feet of it or starts its turn therethe creature must succeed on a constitution saving throw or become blinded for 1 minute.The wall consists of seven layerseach with a different color. When a creature attempts to reach into or pass through the wallit does so one layer at a time through all the wall's layers. As it passes or reaches through each layerthe creature must make a dexterity saving throw or be affected by that layer's properties as described below.The wall can be destroyedalso one layer at a timein order from red to violetby means specific to each layer. Once a layer is destroyedit remains so for the duration of the spell. A rod of cancellation destroys a prismatic wallbut an antimagic field has no effect on it.***1. Red.*** The creature takes 10d6 fire damage on a failed saveor half as much damage on a successful one. While this layer is in placenonmagical ranged attacks can't pass through the wall. The layer can be destroyed by dealing at least 25 cold damage to it.***2. Orange.*** The creature takes 10d6 acid damage on a failed saveor half as much damage on a successful one. While this layer is in placemagical ranged attacks can't pass through the wall. The layer is destroyed by a strong wind.***3. Yellow.*** The creature takes 10d6 lightning damage on a failed saveor half as much damage on a successful one. This layer can be destroyed by dealing at least 60 force damage to it.***4. Green.*** The creature takes 10d6 poison damage on a failed saveor half as much damage on a successful one. A passwall spellor another spell of equal or greater level that can open a portal on a solid surfacedestroys this layer.***5. Blue.*** The creature takes 10d6 cold damage on a failed saveor half as much damage on a successful one. This layer can be destroyed by dealing at least 25 fire damage to it.***6. Indigo.*** On a failed savethe creature is restrained. It must then make a constitution saving throw at the end of each of its turns. If it successfully saves three timesthe spell ends. If it fails its save three timesit permanently turns to stone and is subjected to the petrified condition. The successes and failures don't need to be consecutive; keep track of both until the creature collects three of a kind.While this layer is in placespells can't be cast through the wall. The layer is destroyed by bright light shed by a daylight spell or a similar spell of equal or higher level.***7. Violet.*** On a failed savethe creature is blinded. It must then make a wisdom saving throw at the start of your next turn. A successful save ends the blindness. If it fails that savethe creature is transported to another plane of the GM's choosing and is no longer blinded. (Typicallya creature that is on a plane that isn't its home plane is banished homewhile other creatures are usually cast into the Astral or Ethereal planes.) This layer is destroyed by a dispel magic spell or a similar spell of equal or higher level that can end spells and magical effects.,No_AttackType,No_Damage,No_Heal,No_SavingThrow
Private-sanctum,4,Abjuration,No_Ritual,10 minutes,120 feet,Cube:100,V/S/M,No_Concentration,24 hours,You make an area within range magically secure. The area is a cube that can be as small as 5 feet to as large as 100 feet on each side. The spell lasts for the duration or until you use an action to dismiss it.When you cast the spellyou decide what sort of security the spell provideschoosing any or all of the following properties:- Sound can't pass through the barrier at the edge of the warded area.- The barrier of the warded area appears dark and foggypreventing vision (including darkvision) through it.- Sensors created by divination spells can't appear inside the protected area or pass through the barrier at its perimeter.- Creatures in the area can't be targeted by divination spells.- Nothing can teleport into or out of the warded area.- Planar travel is blocked within the warded area.Casting this spell on the same spot every day for a year makes this effect permanent.,No_AttackType,No_Damage,No_Heal,No_SavingThrow
Produce-flame,0,Conjuration,No_Ritual,1 action,Self,No_AreaEffect,V/S,No_Concentration,10 minutes,A flickering flame appears in your hand. The flame remains there for the duration and harms neither you nor your equipment. The flame sheds bright light in a 10-foot radius and dim light for an additional 10 feet. The spell ends if you dismiss it as an action or if you cast it again.You can also attack with the flamealthough doing so ends the spell. When you cast this spellor as an action on a later turnyou can hurl the flame at a creature within 30 feet of you. Make a ranged spell attack. On a hitthe target takes 1d8 fire damage.This spell's damage increases by 1d8 when you reach 5th level (2d8)11th level (3d8)and 17th level (4d8).,Ranged,Fire,1:1d8/5:2d8/11:3d8/17:4d8,No_Heal,No_SavingThrow
Programmed-illusion,6,Illusion,No_Ritual,1 action,120 feet,Cube:30,V/S/M,No_Concentration,Until dispelled,You create an illusion of an objecta creatureor some other visible phenomenon within range that activates when a specific condition occurs. The illusion is imperceptible until then. It must be no larger than a 30-foot cubeand you decide when you cast the spell how the illusion behaves and what sounds it makes. This scripted performance can last up to 5 minutes.When the condition you specify occursthe illusion springs into existence and performs in the manner you described. Once the illusion finishes performingit disappears and remains dormant for 10 minutes. After this timethe illusion can be activated again.The triggering condition can be as general or as detailed as you likethough it must be based on visual or audible conditions that occur within 30 feet of the area. For exampleyou could create an illusion of yourself to appear and warn off others who attempt to open a trapped dooror you could set the illusion to trigger only when a creature says the correct word or phrase.Physical interaction with the image reveals it to be an illusionbecause things can pass through it. A creature that uses its action to examine the image can determine that it is an illusion with a successful Intelligence (Investigation) check against your spell save DC. If a creature discerns the illusion for what it isthe creature can see through the imageand any noise it makes sounds hollow to the creature.,No_AttackType,No_Damage,No_Heal,No_SavingThrow
Project-image,7,Illusion,No_Ritual,1 action,500 miles,No_AreaEffect,V/S/M,concentration,Up to 24 hours,You create an illusory copy of yourself that lasts for the duration. The copy can appear at any location within range that you have seen beforeregardless of intervening obstacles. The illusion looks and sounds like you but is intangible. If the illusion takes any damageit disappearsand the spell ends.You can use your action to move this illusion up to twice your speedand make it gesturespeakand behave in whatever way you choose. It mimics your mannerisms perfectly.You can see through its eyes and hear through its ears as if you were in its space. On your turn as a bonus actionyou can switch from using its senses to using your ownor back again. While you are using its sensesyou are blinded and deafened in regard to your own surroundings.Physical interaction with the image reveals it to be an illusionbecause things can pass through it. A creature that uses its action to examine the image can determine that it is an illusion with a successful Intelligence (Investigation) check against your spell save DC. If a creature discerns the illusion for what it isthe creature can see through the imageand any noise it makes sounds hollow to the creature.,No_AttackType,No_Damage,No_Heal,No_SavingThrow
Protection-from-energy,3,Abjuration,No_Ritual,1 action,Touch,No_AreaEffect,V/S,concentration,Up to 1 hour,For the durationthe willing creature you touch has resistance to one damage type of your choice: acidcoldfirelightningor thunder.,No_AttackType,No_Damage,No_Heal,No_SavingThrow
Protection-from-evil-and-good,1,Abjuration,No_Ritual,1 action,Touch,No_AreaEffect,V/S/M,concentration,Up to 10 minutes,Until the spell endsone willing creature you touch is protected against certain types of creatures: aberrationscelestialselementalsfeyfiendsand undead.The protection grants several benefits. Creatures of those types have disadvantage on attack rolls against the target. The target also can't be charmedfrightenedor possessed by them. If the target is already charmedfrightenedor possessed by such a creaturethe target has advantage on any new saving throw against the relevant effect.,No_AttackType,No_Damage,No_Heal,No_SavingThrow
Protection-from-poison,2,Abjuration,No_Ritual,1 action,Touch,No_AreaEffect,V/S,No_Concentration,1 hour,You touch a creature. If it is poisonedyou neutralize the poison. If more than one poison afflicts the targetyou neutralize one poison that you know is presentor you neutralize one at random.For the durationthe target has advantage on saving throws against being poisonedand it has resistance to poison damage.,No_AttackType,No_Damage,No_Heal,No_SavingThrow
Purify-food-and-drink,1,Transmutation,Ritual,1 action,10 feet,No_AreaEffect,V/S,No_Concentration,Instantaneous,All nonmagical food and drink within a 5-foot radius sphere centered on a point of your choice within range is purified and rendered free of poison and disease.,No_AttackType,No_Damage,No_Heal,No_SavingThrow
Raise-dead,5,Necromancy,No_Ritual,1 hour,Touch,No_AreaEffect,V/S/M,No_Concentration,Instantaneous,You return a dead creature you touch to lifeprovided that it has been dead no longer than 10 days. If the creature's soul is both willing and at liberty to rejoin the bodythe creature returns to life with 1 hit point.This spell also neutralizes any poisons and cures nonmagical diseases that affected the creature at the time it died. This spell doesn'thoweverremove magical diseasescursesor similar effects; if these aren't first removed prior to casting the spellthey take effect when the creature returns to life. The spell can't return an undead creature to life.This spell closes all mortal woundsbut it doesn't restore missing body parts. If the creature is lacking body parts or organs integral for its survival--its headfor instance--the spell automatically fails.Coming back from the dead is an ordeal. The target takes a -4 penalty to all attack rollssaving throwsand ability checks. Every time the target finishes a long restthe penalty is reduced by 1 until it disappears.,No_AttackType,No_Damage,No_Heal,No_SavingThrow
Ray-of-enfeeblement,2,Necromancy,No_Ritual,1 action,60 feet,No_AreaEffect,V/S,concentration,Up to 1 minute,A black beam of enervating energy springs from your finger toward a creature within range. Make a ranged spell attack against the target. On a hitthe target deals only half damage with weapon attacks that use Strength until the spell ends.At the end of each of the target's turnsit can make a constitution saving throw against the spell. On a successthe spell ends.,Ranged,No_Damage,No_Heal,CON
Ray-of-frost,0,Evocation,No_Ritual,1 action,60 feet,No_AreaEffect,V/S,No_Concentration,Instantaneous,A frigid beam of blue-white light streaks toward a creature within range. Make a ranged spell attack against the target. On a hitit takes 1d8 cold damageand its speed is reduced by 10 feet until the start of your next turn.The spell's damage increases by 1d8 when you reach 5th level (2d8)11th level (3d8)and 17th level (4d8).,Ranged,Cold,1:1d8/5:2d8/11:3d8/17:4d8,No_Heal,No_SavingThrow
Regenerate,7,Transmutation,No_Ritual,1 minute,Touch,No_AreaEffect,V/S/M,No_Concentration,1 hour,You touch a creature and stimulate its natural healing ability. The target regains 4d8 + 15 hit points. For the duration of the spellthe target regains 1 hit point at the start of each of its turns (10 hit points each minute).The target's severed body members (fingerslegstailsand so on)if anyare restored after 2 minutes. If you have the severed part and hold it to the stumpthe spell instantaneously causes the limb to knit to the stump.,No_AttackType,No_Damage,7:4d8 + 15,No_SavingThrow
Reincarnate,5,Transmutation,No_Ritual,1 hour,Touch,No_AreaEffect,V/S/M,No_Concentration,Instantaneous,You touch a dead humanoid or a piece of a dead humanoid. Provided that the creature has been dead no longer than 10 daysthe spell forms a new adult body for it and then calls the soul to enter that body. If the target's soul isn't free or willing to do sothe spell fails.The magic fashions a new body for the creature to inhabitwhich likely causes the creature's race to change. The GM rolls a d 100 and consults the following table to determine what form the creature takes when restored to lifeor the GM chooses a form.| d100 | Race ||---|---|| 01-04 | Dragonborn || 05-13 | Dwarfhill || 14-21 | Dwarfmountain || 22-25 | Elfdark || 26-34 | Elfhigh || 35-42 | Elfwood || 43-46 | Gnomeforest || 47-52 | Gnomerock || 53-56 | Half-elf || 57-60 | Half-orc || 61-68 | Halflinglightfoot || 69-76 | Halflingstout || 77-96 | Human || 97-00 | Tiefling |The reincarnated creature recalls its former life and experiences. It retains the capabilities it had in its original formexcept it exchanges its original race for the new one and changes its racial traits accordingly.,No_AttackType,No_Damage,No_Heal,No_SavingThrow
Remove-curse,3,Abjuration,No_Ritual,1 action,Touch,No_AreaEffect,V/S,No_Concentration,Instantaneous,At your touchall curses affecting one creature or object end. If the object is a cursed magic itemits curse remainsbut the spell breaks its owner's attunement to the object so it can be removed or discarded.,No_AttackType,No_Damage,No_Heal,No_SavingThrow
Resilient-sphere,4,Evocation,No_Ritual,1 action,30 feet,No_AreaEffect,V/S/M,concentration,Up to 1 minute,A sphere of shimmering force encloses a creature or object of Large size or smaller within range. An unwilling creature must make a dexterity saving throw. On a failed savethe creature is enclosed for the duration.Nothing--not physical objectsenergyor other spell effects--can pass through the barrierin or outthough a creature in the sphere can breathe there. The sphere is immune to all damageand a creature or object inside can't be damaged by attacks or effects originating from outsidenor can a creature inside the sphere damage anything outside it.The sphere is weightless and just large enough to contain the creature or object inside. An enclosed creature can use its action to push against the sphere's walls and thus roll the sphere at up to half the creature's speed. Similarlythe globe can be picked up and moved by other creatures.A disintegrate spell targeting the globe destroys it without harming anything inside it.,No_AttackType,No_Damage,No_Heal,DEX
Resistance,0,Abjuration,No_Ritual,1 action,Touch,No_AreaEffect,V/S/M,concentration,Up to 1 minute,You touch one willing creature. Once before the spell endsthe target can roll a d4 and add the number rolled to one saving throw of its choice. It can roll the die before or after making the saving throw. The spell then ends.,No_AttackType,No_Damage,No_Heal,No_SavingThrow
Resurrection,7,Necromancy,No_Ritual,1 hour,Touch,No_AreaEffect,V/S/M,No_Concentration,Instantaneous,You touch a dead creature that has been dead for no more than a centurythat didn't die of old ageand that isn't undead. If its soul is free and willingthe target returns to life with all its hit points.This spell neutralizes any poisons and cures normal diseases afflicting the creature when it died. It doesn'thoweverremove magical diseasescursesand the like; if such effects aren't removed prior to casting the spellthey afflict the target on its return to life.This spell closes all mortal wounds and restores any missing body parts.Coming back from the dead is an ordeal. The target takes a -4 penalty to all attack rollssaving throwsand ability checks. Every time the target finishes a long restthe penalty is reduced by 1 until it disappears.Casting this spell to restore life to a creature that has been dead for one year or longer taxes you greatly. Until you finish a long restyou can't cast spells againand you have disadvantage on all attack rollsability checksand saving throws.,No_AttackType,No_Damage,No_Heal,No_SavingThrow
Reverse-gravity,7,Transmutation,No_Ritual,1 action,100 feet,Cylinder:50,V/S/M,concentration,Up to 1 minute,This spell reverses gravity in a 50-foot-radius100-foot high cylinder centered on a point within range. All creatures and objects that aren't somehow anchored to the ground in the area fall upward and reach the top of the area when you cast this spell. A creature can make a dexterity saving throw to grab onto a fixed object it can reachthus avoiding the fall.If some solid object (such as a ceiling) is encountered in this fallfalling objects and creatures strike it just as they would during a normal downward fall. If an object or creature reaches the top of the area without striking anythingit remains thereoscillating slightlyfor the duration.At the end of the durationaffected objects and creatures fall back down.,No_AttackType,No_Damage,No_Heal,DEX
Revivify,3,Conjuration,No_Ritual,1 action,Touch,No_AreaEffect,V/S/M,No_Concentration,Instantaneous,You touch a creature that has died within the last minute. That creature returns to life with 1 hit point. This spell can't return to life a creature that has died of old agenor can it restore any missing body parts.,No_AttackType,No_Damage,No_Heal,No_SavingThrow
Rope-trick,2,Transmutation,No_Ritual,1 action,Touch,No_AreaEffect,V/S/M,No_Concentration,1 hour,You touch a length of rope that is up to 60 feet long. One end of the rope then rises into the air until the whole rope hangs perpendicular to the ground. At the upper end of the ropean invisible entrance opens to an extradimensional space that lasts until the spell ends.The extradimensional space can be reached by climbing to the top of the rope. The space can hold as many as eight Medium or smaller creatures. The rope can be pulled into the spacemaking the rope disappear from view outside the space.Attacks and spells can't cross through the entrance into or out of the extradimensional spacebut those inside can see out of it as if through a 3-foot-by-5-foot window centered on the rope.Anything inside the extradimensional space drops out when the spell ends.,No_AttackType,No_Damage,No_Heal,No_SavingThrow
Sacred-flame,0,Evocation,No_Ritual,1 action,60 feet,No_AreaEffect,V/S,No_Concentration,Instantaneous,Flame-like radiance descends on a creature that you can see within range. The target must succeed on a dexterity saving throw or take 1d8 radiant damage. The target gains no benefit from cover for this saving throw.The spell's damage increases by 1d8 when you reach 5th level (2d8)11th level (3d8)and 17th level (4d8).,No_AttackType,Radiant,1:1d8/5:2d8/11:3d8/17:4d8,No_Heal,DEX
Sanctuary,1,Abjuration,No_Ritual,1 bonus action,30 feet,No_AreaEffect,V/S/M,No_Concentration,1 minute,You ward a creature within range against attack. Until the spell endsany creature who targets the warded creature with an attack or a harmful spell must first make a wisdom saving throw. On a failed savethe creature must choose a new target or lose the attack or spell. This spell doesn't protect the warded creature from area effectssuch as the explosion of a fireball.If the warded creature makes an attack or casts a spell that affects an enemy creaturethis spell ends.,No_AttackType,No_Damage,No_Heal,No_SavingThrow
Scorching-ray,2,Evocation,No_Ritual,1 action,120 feet,No_AreaEffect,V/S,No_Concentration,Instantaneous,You create three rays of fire and hurl them at targets within range. You can hurl them at one target or several.Make a ranged spell attack for each ray. On a hitthe target takes 2d6 fire damage.,No_AttackType,Fire,2:2d6,No_Heal,No_SavingThrow
Scrying,5,Divination,No_Ritual,10 minutes,Self,No_AreaEffect,V/S/M,concentration,Up to 10 minutes,You can see and hear a particular creature you choose that is on the same plane of existence as you. The target must make a wisdom saving throwwhich is modified by how well you know the target and the sort of physical connection you have to it. If a target knows you're casting this spellit can fail the saving throw voluntarily if it wants to be observed.| Knowledge | Save Modifier ||---|---|| Secondhand (you have heard of the target) | +5 || Firsthand (you have met the target) | +0 || Familiar (you know the target well) | -5 || Connection | Save Modifier ||---|---|| Likeness or picture | -2 || Possession or garment | -4 || Body partlock of hairbit of nailor the like | -10 |On a successful savethe target isn't affectedand you can't use this spell against it again for 24 hours.On a failed savethe spell creates an invisible sensor within 10 feet of the target. You can see and hear through the sensor as if you were there. The sensor moves with the targetremaining within 10 feet of it for the duration. A creature that can see invisible objects sees the sensor as a luminous orb about the size of your fist.Instead of targeting a creatureyou can choose a location you have seen before as the target of this spell. When you dothe sensor appears at that location and doesn't move.,No_AttackType,No_Damage,No_Heal,WIS
Secret-chest,4,Conjuration,No_Ritual,1 action,Touch,No_AreaEffect,V/S/M,No_Concentration,Instantaneous,You hide a chestand all its contentson the Ethereal Plane. You must touch the chest and the miniature replica that serves as a material component for the spell. The chest can contain up to 12 cubic feet of nonliving material (3 feet by 2 feet by 2 feet).While the chest remains on the Ethereal Planeyou can use an action and touch the replica to recall the chest. It appears in an unoccupied space on the ground within 5 feet of you. You can send the chest back to the Ethereal Plane by using an action and touching both the chest and the replica.After 60 daysthere is a cumulative 5 percent chance per day that the spell's effect ends. This effect ends if you cast this spell againif the smaller replica chest is destroyedor if you choose to end the spell as an action. If the spell ends and the larger chest is on the Ethereal Planeit is irretrievably lost.,No_AttackType,No_Damage,No_Heal,No_SavingThrow
See-invisibility,2,Divination,No_Ritual,1 action,Self,No_AreaEffect,V/S/M,No_Concentration,1 hour,For the duration of the spellyou see invisible creatures and objects as if they were visibleand you can see through Ethereal. The ethereal objects and creatures appear ghostly translucent.,No_AttackType,No_Damage,No_Heal,No_SavingThrow
Seeming,5,Illusion,No_Ritual,1 action,30 feet,No_AreaEffect,V/S,No_Concentration,8 hours,This spell allows you to change the appearance of any number of creatures that you can see within range. You give each target you choose a newillusory appearance. An unwilling target can make a charisma saving throwand if it succeedsit is unaffected by this spell.The spell disguises physical appearance as well as clothingarmorweaponsand equipment. You can make each creature seem 1 foot shorter or taller and appear thinfator in between. You can't change a target's body typeso you must choose a form that has the same basic arrangement of limbs. Otherwisethe extent of the illusion is up to you. The spell lasts for the durationunless you use your action to dismiss it sooner.The changes wrought by this spell fail to hold up to physical inspection. For exampleif you use this spell to add a hat to a creature's outfitobjects pass through the hatand anyone who touches it would feel nothing or would feel the creature's head and hair. If you use this spell to appear thinner than you arethe hand of someone who reaches out to touch you would bump into you while it was seemingly still in midair.A creature can use its action to inspect a target and make an Intelligence (Investigation) check against your spell save DC. If it succeedsit becomes aware that the target is disguised.,No_AttackType,No_Damage,No_Heal,No_SavingThrow
Sending,3,Evocation,No_Ritual,1 action,Unlimited,No_AreaEffect,V/S/M,No_Concentration,1 round,You send a short message of twenty-five words or less to a creature with which you are familiar. The creature hears the message in its mindrecognizes you as the sender if it knows youand can answer in a like manner immediately. The spell enables creatures with Intelligence scores of at least 1 to understand the meaning of your message.You can send the message across any distance and even to other planes of existencebut if the target is on a different plane than youthere is a 5 percent chance that the message doesn't arrive.,No_AttackType,No_Damage,No_Heal,No_SavingThrow
Sequester,7,Transmutation,No_Ritual,1 action,Touch,No_AreaEffect,V/S/M,No_Concentration,Until dispelled,By means of this spella willing creature or an object can be hidden awaysafe from detection for the duration. When you cast the spell and touch the targetit becomes invisible and can't be targeted by divination spells or perceived through scrying sensors created by divination spells.If the target is a creatureit falls into a state of suspended animation. Time ceases to flow for itand it doesn't grow older.You can set a condition for the spell to end early. The condition can be anything you choosebut it must occur or be visible within 1 mile of the target. Examples include "after 1000 years" or "when the tarrasque awakens." This spell also ends if the target takes any damage.,No_AttackType,No_Damage,No_Heal,No_SavingThrow
Shapechange,9,Transmutation,No_Ritual,1 action,Self,No_AreaEffect,V/S/M,concentration,Up to 1 hour,You assume the form of a different creature for the duration. The new form can be of any creature with a challenge rating equal to your level or lower. The creature can't be a construct or an undeadand you must have seen the sort of creature at least once. You transform into an average example of that creatureone without any class levels or the Spellcasting trait.Your game statistics are replaced by the statistics of the chosen creaturethough you retain your alignment and IntelligenceWisdomand Charisma scores. You also retain all of your skill and saving throw proficienciesin addition to gaining those of the creature. If the creature has the same proficiency as you and the bonus listed in its statistics is higher than yoursuse the creature's bonus in place of yours. You can't use any legendary actions or lair actions of the new form.You assume the hit points and Hit Dice of the new form. When you revert to your normal formyou return to the number of hit points you had before you transformed. If you revert as a result of dropping to 0 hit pointsany excess damage carries over to your normal form. As long as the excess damage doesn't reduce your normal form to 0 hit pointsyou aren't knocked unconscious.You retain the benefit of any features from your classraceor other source and can use themprovided that your new form is physically capable of doing so. You can't use any special senses you have (for exampledarkvision) unless your new form also has that sense. You can only speak if the creature can normally speak.When you transformyou choose whether your equipment falls to the groundmerges into the new formor is worn by it. Worn equipment functions as normal. The GM determines whether it is practical for the new form to wear a piece of equipmentbased on the creature's shape and size. Your equipment doesn't change shape or size to match the new formand any equipment that the new form can't wear must either fall to the ground or merge into your new form. Equipment that merges has no effect in that state.During this spell's durationyou can use your action to assume a different form following the same restrictions and rules for the original formwith one exception: if your new form has more hit points than your current oneyour hit points remain at their current value.,No_AttackType,No_Damage,No_Heal,No_SavingThrow
Shatter,2,Evocation,No_Ritual,1 action,60 feet,Sphere:10,V/S/M,No_Concentration,Instantaneous,A sudden loud ringing noisepainfully intenseerupts from a point of your choice within range. Each creature in a 10-foot-radius sphere centered on that point must make a Constitution saving throw. A creature takes 3d8 thunder damage on a failed saveor half as much damage on a successful one. A creature made of inorganic material such as stonecrystalor metal has disadvantage on this saving throw.A non-magical item that is not worn or carried also suffers damage if it is in the area of the spell.,No_AttackType,Thunder,2:3d8/3:4d8/4:5d8/5:6d8/6:7d8/7:8d8/8:9d8/9:10d8,No_Heal,CON
Shield,1,Abjuration,No_Ritual,1 reaction,Self,No_AreaEffect,V/S,No_Concentration,1 round,An invisible barrier of magical force appears and protects you. Until the start of your next turnyou have a +5 bonus to ACincluding against the triggering attackand you take no damage from magic missile.,No_AttackType,No_Damage,No_Heal,No_SavingThrow
Shield-of-faith,1,Abjuration,No_Ritual,1 bonus action,60 feet,No_AreaEffect,V/S/M,concentration,Up to 10 minutes,A shimmering field appears and surrounds a creature of your choice within rangegranting it a +2 bonus to AC for the duration.,No_AttackType,No_Damage,No_Heal,No_SavingThrow
Shillelagh,0,Transmutation,No_Ritual,1 bonus action,Touch,No_AreaEffect,V/S/M,No_Concentration,1 minute,The wood of a club or a quarterstaff you are holding is imbued with nature's power. For the durationyou can use your spellcasting ability instead of Strength for the attack and damage rolls of melee attacks using that weaponand the weapon's damage die becomes a d8. The weapon also becomes magicalif it isn't already. The spell ends if you cast it again or if you let go of the weapon.,No_AttackType,No_Damage,No_Heal,No_SavingThrow
Shocking-grasp,0,Evocation,No_Ritual,1 action,Touch,No_AreaEffect,V/S,No_Concentration,Instantaneous,Lightning springs from your hand to deliver a shock to a creature you try to touch. Make a melee spell attack against the target. You have advantage on the attack roll if the target is wearing armor made of metal. On a hitthe target takes 1d8 lightning damageand it can't take reactions until the start of its next turn.The spell's damage increases by 1d8 when you reach 5th level (2d8)11th level (3d8)and 17th level (4d8).,Melee,Lightning,1:1d8/5:2d8/11:3d8/17:4d8,No_Heal,No_SavingThrow
Silence,2,Illusion,Ritual,1 action,120 feet,Sphere:20,V/S,concentration,Up to 10 minutes,For the durationno sound can be created within or pass through a 20-foot-radius sphere centered on a point you choose within range. Any creature or object entirely inside the sphere is immune to thunder damageand creatures are deafened while entirely inside it.Casting a spell that includes a verbal component is impossible there.,No_AttackType,No_Damage,No_Heal,No_SavingThrow
Silent-image,1,Illusion,No_Ritual,1 action,60 feet,Cube:15,V/S/M,concentration,Up to 10 minutes,You create the image of an objecta creatureor some other visible phenomenon that is no larger than a 15-foot cube. The image appears at a spot within range and lasts for the duration. The image is purely visual; it isn't accompanied by soundsmellor other sensory effects.You can use your action to cause the image to move to any spot within range. As the image changes locationyou can alter its appearance so that its movements appear natural for the image. For exampleif you create an image of a creature and move ityou can alter the image so that it appears to be walking.Physical interaction with the image reveals it to be an illusionbecause things can pass through it. A creature that uses its action to examine the image can determine that it is an illusion with a successful Intelligence (Investigation) check against your spell save DC. If a creature discerns the illusion for what it isthe creature can see through the image.,No_AttackType,No_Damage,No_Heal,No_SavingThrow
Simulacrum,7,Illusion,No_Ritual,12 hours,Touch,No_AreaEffect,V/S/M,No_Concentration,Until dispelled,You shape an illusory duplicate of one beast or humanoid that is within range for the entire casting time of the spell. The duplicate is a creaturepartially real and formed from ice or snowand it can take actions and otherwise be affected as a normal creature. It appears to be the same as the originalbut it has half the creature's hit point maximum and is formed without any equipment. Otherwisethe illusion uses all the statistics of the creature it duplicates.The simulacrum is friendly to you and creatures you designate. It obeys your spoken commandsmoving and acting in accordance with your wishes and acting on your turn in combat. The simulacrum lacks the ability to learn or become more powerfulso it never increases its level or other abilitiesnor can it regain expended spell slots.If the simulacrum is damagedyou can repair it in an alchemical laboratoryusing rare herbs and minerals worth 100 gp per hit point it regains. The simulacrum lasts until it drops to 0 hit pointsat which point it reverts to snow and melts instantly.If you cast this spell againany currently active duplicates you created with this spell are instantly destroyed.,No_AttackType,No_Damage,No_Heal,No_SavingThrow
Sleep,1,Enchantment,No_Ritual,1 action,90 feet,Sphere:20,V/S/M,No_Concentration,1 minute,This spell sends creatures into a magical slumber. Roll 5d8; the total is how many hit points of creatures this spell can affect. Creatures within 20 feet of a point you choose within range are affected in ascending order of their current hit points (ignoring unconscious creatures).Starting with the creature that has the lowest current hit pointseach creature affected by this spell falls unconscious until the spell endsthe sleeper takes damageor someone uses an action to shake or slap the sleeper awake. Subtract each creature's hit points from the total before moving on to the creature with the next lowest hit points. A creature's hit points must be equal to or less than the remaining total for that creature to be affected.Undead and creatures immune to being charmed aren't affected by this spell.,No_AttackType,0,1:5d8,No_Heal,No_SavingThrow
Sleet-storm,3,Conjuration,No_Ritual,1 action,150 feet,Cylinder:40,V/S/M,concentration,Up to 1 minute,Until the spell endsfreezing rain and sleet fall in a 20-foot-tall cylinder with a 40-foot radius centered on a point you choose within range. The area is heavily obscuredand exposed flames in the area are doused.The ground in the area is covered with slick icemaking it difficult terrain. When a creature enters the spell's area for the first time on a turn or starts its turn thereit must make a dexterity saving throw. On a failed saveit falls prone.If a creature is concentrating in the spell's areathe creature must make a successful constitution saving throw against your spell save DC or lose concentration.,No_AttackType,No_Damage,No_Heal,No_SavingThrow
Slow,3,Transmutation,No_Ritual,1 action,120 feet,Cube:40,V/S/M,concentration,Up to 1 minute,You alter time around up to six creatures of your choice in a 40-foot cube within range. Each target must succeed on a wisdom saving throw or be affected by this spell for the duration.An affected target's speed is halvedit takes a -2 penalty to AC and dexterity saving throwsand it can't use reactions. On its turnit can use either an action or a bonus actionnot both. Regardless of the creature's abilities or magic itemsit can't make more than one melee or ranged attack during its turn.If the creature attempts to cast a spell with a casting time of 1 actionroll a d20. On an 11 or higherthe spell doesn't take effect until the creature's next turnand the creature must use its action on that turn to complete the spell. If it can'tthe spell is wasted.A creature affected by this spell makes another wisdom saving throw at the end of its turn. On a successful savethe effect ends for it.,No_AttackType,No_Damage,No_Heal,WIS
Spare-the-dying,0,Necromancy,No_Ritual,1 action,Touch,No_AreaEffect,V/S,No_Concentration,Instantaneous,You touch a living creature that has 0 hit points. The creature becomes stable. This spell has no effect on undead or constructs.,No_AttackType,No_Damage,No_Heal,No_SavingThrow
Speak-with-animals,1,Divination,Ritual,1 action,Self,No_AreaEffect,V/S,No_Concentration,10 minutes,You gain the ability to comprehend and verbally communicate with beasts for the duration. The knowledge and awareness of many beasts is limited by their intelligencebut at a minimumbeasts can give you information about nearby locations and monstersincluding whatever they can perceive or have perceived within the past day. You might be able to persuade a beast to perform a small favor for youat the GM's discretion.,No_AttackType,No_Damage,No_Heal,No_SavingThrow
Speak-with-dead,3,Necromancy,No_Ritual,1 action,10 feet,No_AreaEffect,V/S/M,No_Concentration,10 minutes,You grant the semblance of life and intelligence to a corpse of your choice within rangeallowing it to answer the questions you pose. The corpse must still have a mouth and can't be undead. The spell fails if the corpse was the target of this spell within the last 10 days.Until the spell endsyou can ask the corpse up to five questions. The corpse knows only what it knew in lifeincluding the languages it knew. Answers are usually briefcrypticor repetitiveand the corpse is under no compulsion to offer a truthful answer if you are hostile to it or it recognizes you as an enemy. This spell doesn't return the creature's soul to its bodyonly its animating spirit. Thusthe corpse can't learn new informationdoesn't comprehend anything that has happened since it diedand can't speculate about future events.,No_AttackType,No_Damage,No_Heal,No_SavingThrow
Speak-with-plants,3,Transmutation,No_Ritual,1 action,Self,Sphere:30,V/S,No_Concentration,10 minutes,You imbue plants within 30 feet of you with limited sentience and animationgiving them the ability to communicate with you and follow your simple commands. You can question plants about events in the spell's area within the past daygaining information about creatures that have passedweatherand other circumstances.You can also turn difficult terrain caused by plant growth (such as thickets and undergrowth) into ordinary terrain that lasts for the duration. Or you can turn ordinary terrain where plants are present into difficult terrain that lasts for the durationcausing vines and branches to hinder pursuersfor example.Plants might be able to perform other tasks on your behalfat the GM's discretion. The spell doesn't enable plants to uproot themselves and move aboutbut they can freely move branchestendrilsand stalks.If a plant creature is in the areayou can communicate with it as if you shared a common languagebut you gain no magical ability to influence it.This spell can cause the plants created by the entangle spell to release a restrained creature.,No_AttackType,No_Damage,No_Heal,No_SavingThrow
Spider-climb,2,Transmutation,No_Ritual,1 action,Touch,No_AreaEffect,V/S/M,concentration,Up to 1 hour,Until the spell endsone willing creature you touch gains the ability to move updownand across vertical surfaces and upside down along ceilingswhile leaving its hands free. The target also gains a climbing speed equal to its walking speed.,No_AttackType,No_Damage,No_Heal,No_SavingThrow
Spike-growth,2,Transmutation,No_Ritual,1 action,150 feet,Cylinder:20,V/S/M,concentration,Up to 10 minutes,The ground in a 20-foot radius centered on a point within range twists and sprouts hard spikes and thorns. The area becomes difficult terrain for the duration. When a creature moves into or within the areait takes 2d4 piercing damage for every 5 feet it travels.The transformation of the ground is camouflaged to look natural. Any creature that can't see the area at the time the spell is cast can make a Wisdom (Perception) check against your spell save DC to recognize the terrain as hazardous before entering it.,No_AttackType,No_Damage,No_Heal,No_SavingThrow
Spirit-guardians,3,Conjuration,No_Ritual,1 action,Self,No_AreaEffect,V/S/M,concentration,Up to 10 minutes,You call forth spirits to protect you. They flit around you to a distance of 15 feet for the duration. If you are good or neutraltheir spectral form appears angelic or fey (your choice). If you are evilthey appear fiendish.When you cast this spellyou can designate any number of creatures you can see to be unaffected by it. An affected creature's speed is halved in the areaand when the creature enters the area for the first time on a turn or starts its turn thereit must make a wisdom saving throw. On a failed savethe creature takes 3d8 radiant damage (if you are good or neutral) or 3d8 necrotic damage (if you are evil). On a successful savethe creature takes half as much damage.,No_AttackType,No_Damage,No_Heal,No_SavingThrow
Spiritual-weapon,2,Evocation,No_Ritual,1 bonus action,60 feet,No_AreaEffect,V/S,No_Concentration,1 minute,You create a floatingspectral weapon within range that lasts for the duration or until you cast this spell again. When you cast the spellyou can make a melee spell attack against a creature within 5 feet of the weapon. On a hitthe target takes force damage equal to 1d8 + your spellcasting ability modifier.As a bonus action on your turnyou can move the weapon up to 20 feet and repeat the attack against a creature within 5 feet of it.The weapon can take whatever form you choose. Clerics of deities who are associated with a particular weapon (as St. Cuthbert is known for his mace and Thor for his hammer) make this spell's effect resemble that weapon.,Melee,Force,2:1d8 + MOD/3:1d8 + MOD/4:2d8 + MOD/5:2d8 + MOD/6:3d8 + MOD/7:3d8 + MOD/8:4d8 + MOD/9:4d8 + MOD,No_Heal,No_SavingThrow
Stinking-cloud,3,Conjuration,No_Ritual,1 action,90 feet,Sphere:20,V/S/M,concentration,Up to 1 minute,You create a 20-foot-radius sphere of yellownauseating gas centered on a point within range. The cloud spreads around cornersand its area is heavily obscured. The cloud lingers in the air for the duration.Each creature that is completely within the cloud at the start of its turn must make a constitution saving throw against poison. On a failed savethe creature spends its action that turn retching and reeling. Creatures that don't need to breathe or are immune to poison automatically succeed on this saving throw.A moderate wind (at least 10 miles per hour) disperses the cloud after 4 rounds. A strong wind (at least 20 miles per hour) disperses it after 1 round.,No_AttackType,No_Damage,No_Heal,CON
Stone-shape,4,Transmutation,No_Ritual,1 action,Touch,No_AreaEffect,V/S/M,No_Concentration,Instantaneous,You touch a stone object of Medium size or smaller or a section of stone no more than 5 feet in any dimension and form it into any shape that suits your purpose. Sofor exampleyou could shape a large rock into a weaponidolor cofferor make a small passage through a wallas long as the wall is less than 5 feet thick. You could also shape a stone door or its frame to seal the door shut. The object you create can have up to two hinges and a latchbut finer mechanical detail isn't possible.,No_AttackType,No_Damage,No_Heal,No_SavingThrow
Stoneskin,4,Abjuration,No_Ritual,1 action,Touch,No_AreaEffect,V/S/M,concentration,Up to 1 hour,This spell turns the flesh of a willing creature you touch as hard as stone. Until the spell endsthe target has resistance to nonmagical bludgeoningpiercingand slashing damage.,No_AttackType,No_Damage,No_Heal,No_SavingThrow
Storm-of-vengeance,9,Conjuration,No_Ritual,1 action,Sight,Sphere:360,V/S,concentration,Up to 1 minute,A churning storm cloud formscentered on a point you can see and spreading to a radius of 360 feet. Lightning flashes in the areathunder boomsand strong winds roar. Each creature under the cloud (no more than 5000 feet beneath the cloud) when it appears must make a constitution saving throw. On a failed savea creature takes 2d6 thunder damage and becomes deafened for 5 minutes.Each round you maintain concentration on this spellthe storm produces additional effects on your turn.***Round 2.*** Acidic rain falls from the cloud. Each creature and object under the cloud takes 1d6 acid damage.***Round 3.*** You call six bolts of lightning from the cloud to strike six creatures or objects of your choice beneath the cloud. A given creature or object can't be struck by more than one bolt. A struck creature must make a dexterity saving throw. The creature takes 10d6 lightning damage on a failed saveor half as much damage on a successful one.***Round 4.*** Hailstones rain down from the cloud. Each creature under the cloud takes 2d6 bludgeoning damage.***Round 5-10.*** Gusts and freezing rain assail the area under the cloud. The area becomes difficult terrain and is heavily obscured. Each creature there takes 1d6 cold damage. Ranged weapon attacks in the area are impossible. The wind and rain count as a severe distraction for the purposes of maintaining concentration on spells. Finallygusts of strong wind (ranging from 20 to 50 miles per hour) automatically disperse fogmistsand similar phenomena in the areawhether mundane or magical.,No_AttackType,Thunder,9:2d6,No_Heal,CON
Suggestion,2,Enchantment,No_Ritual,1 action,30 feet,No_AreaEffect,V/M,concentration,Up to 8 hours,You suggest a course of activity (limited to a sentence or two) and magically influence a creature you can see within range that can hear and understand you. Creatures that can't be charmed are immune to this effect. The suggestion must be worded in such a manner as to make the course of action sound reasonable. Asking the creature to stab itselfthrow itself onto a spearimmolate itselfor do some other obviously harmful act ends the spell.The target must make a wisdom saving throw. On a failed saveit pursues the course of action you described to the best of its ability. The suggested course of action can continue for the entire duration. If the suggested activity can be completed in a shorter timethe spell ends when the subject finishes what it was asked to do.You can also specify conditions that will trigger a special activity during the duration. For exampleyou might suggest that a knight give her warhorse to the first beggar she meets. If the condition isn't met before the spell expiresthe activity isn't performed.If you or any of your companions damage the targetthe spell ends.,No_AttackType,No_Damage,No_Heal,WIS
Sunbeam,6,Evocation,No_Ritual,1 action,Self,Line:60,V/S/M,concentration,Up to 1 minute,A beam of brilliant light flashes out from your hand in a 5-foot-wide60-foot-long line. Each creature in the line must make a constitution saving throw. On a failed savea creature takes 6d8 radiant damage and is blinded until your next turn. On a successful saveit takes half as much damage and isn't blinded by this spell. Undead and oozes have disadvantage on this saving throw.You can create a new line of radiance as your action on any turn until the spell ends.For the durationa mote of brilliant radiance shines in your hand. It sheds bright light in a 30-foot radius and dim light for an additional 30 feet. This light is sunlight.,No_AttackType,Radiant,6:6d8,No_Heal,CON
Sunburst,8,Evocation,No_Ritual,1 action,150 feet,Cylinder:60,V/S/M,No_Concentration,Instantaneous,Brilliant sunlight flashes in a 60-foot radius centered on a point you choose within range. Each creature in that light must make a constitution saving throw. On a failed savea creature takes 12d6 radiant damage and is blinded for 1 minute. On a successful saveit takes half as much damage and isn't blinded by this spell. Undead and oozes have disadvantage on this saving throw.A creature blinded by this spell makes another constitution saving throw at the end of each of its turns. On a successful saveit is no longer blinded.This spell dispels any darkness in its area that was created by a spell.,No_AttackType,Radiant,8:12d6,No_Heal,CON
Symbol,7,Abjuration,No_Ritual,1 minute,Touch,Cube:10,V/S/M,No_Concentration,Until dispelled,When you cast this spellyou inscribe a harmful glyph either on a surface (such as a section of floora wallor a table) or within an object that can be closed to conceal the glyph (such as a booka scrollor a treasure chest). If you choose a surfacethe glyph can cover an area of the surface no larger than 10 feet in diameter. If you choose an objectthat object must remain in its place; if the object is moved more than 10 feet from where you cast this spellthe glyph is brokenand the spell ends without being triggered.The glyph is nearly invisiblerequiring an Intelligence (Investigation) check against your spell save DC to find it.You decide what triggers the glyph when you cast the spell. For glyphs inscribed on a surfacethe most typical triggers include touching or stepping on the glyphremoving another object covering itapproaching within a certain distance of itor manipulating the object that holds it. For glyphs inscribed within an objectthe most common triggers are opening the objectapproaching within a certain distance of itor seeing or reading the glyph.You can further refine the trigger so the spell is activated only under certain circumstances or according to a creature's physical characteristics (such as height or weight)or physical kind (for examplethe ward could be set to affect hags or shapechangers). You can also specify creatures that don't trigger the glyphsuch as those who say a certain password.When you inscribe the glyphchoose one of the options below for its effect. Once triggeredthe glyph glowsfilling a 60-foot-radius sphere with dim light for 10 minutesafter which time the spell ends. Each creature in the sphere when the glyph activates is targeted by its effectas is a creature that enters the sphere for the first time on a turn or ends its turn there.***Death.*** Each target must make a constitution saving throwtaking 10d 10 necrotic damage on a failed saveor half as much damage on a successful save.***Discord.*** Each target must make a constitution saving throw. On a failed savea target bickers and argues with other creatures for 1 minute. During this timeit is incapable of meaningful communication and has disadvantage on attack rolls and ability checks.***Fear.*** Each target must make a wisdom saving throw and becomes frightened for 1 minute on a failed save. While frightenedthe target drops whatever it is holding and must move at least 30 feet away from the glyph on each of its turnsif able.***Hopelessness.*** Each target must make a charisma saving throw. On a failed savethe target is overwhelmed with despair for 1 minute. During this timeit can't attack or target any creature with harmful abilitiesspellsor other magical effects.***Insanity.*** Each target must make an intelligence saving throw. On a failed savethe target is driven insane for 1 minute. An insane creature can't take actionscan't understand what other creatures saycan't readand speaks only in gibberish. The GM controls its movementwhich is erratic.***Pain.*** Each target must make a constitution saving throw and becomes incapacitated with excruciating pain for 1 minute on a failed save.***Sleep.*** Each target must make a wisdom saving throw and falls unconscious for 10 minutes on a failed save. A creature awakens if it takes damage or if someone uses an action to shake or slap it awake.***Stunning.*** Each target must make a wisdom saving throw and becomes stunned for 1 minute on a failed save.,No_AttackType,No_Damage,No_Heal,No_SavingThrow
Telekinesis,5,Transmutation,No_Ritual,1 action,60 feet,Sphere:30,V/S,concentration,Up to 10 minutes,You gain the ability to move or manipulate creatures or objects by thought. When you cast the spelland as your action each round for the durationyou can exert your will on one creature or object that you can see within rangecausing the appropriate effect below. You can affect the same target round after roundor choose a new one at any time. If you switch targetsthe prior target is no longer affected by the spell.***Creature.*** You can try to move a Huge or smaller creature. Make an ability check with your spellcasting ability contested by the creature's Strength check. If you win the contestyou move the creature up to 30 feet in any directionincluding upward but not beyond the range of this spell. Until the end of your next turnthe creature is restrained in your telekinetic grip. A creature lifted upward is suspended in mid-air.On subsequent roundsyou can use your action to attempt to maintain your telekinetic grip on the creature by repeating the contest.***Object.*** You can try to move an object that weighs up to 1000 pounds. If the object isn't being worn or carriedyou automatically move it up to 30 feet in any directionbut not beyond the range of this spell.If the object is worn or carried by a creatureyou must make an ability check with your spellcasting ability contested by that creature's Strength check. If you succeedyou pull the object away from that creature and can move it up to 30 feet in any direction but not beyond the range of this spell.You can exert fine control on objects with your telekinetic gripsuch as manipulating a simple toolopening a door or a containerstowing or retrieving an item from an open containeror pouring the contents from a vial.,No_AttackType,No_Damage,No_Heal,No_SavingThrow
Telepathic-bond,5,Divination,Ritual,1 action,30 feet,No_AreaEffect,V/S/M,No_Concentration,1 hour,You forge a telepathic link among up to eight willing creatures of your choice within rangepsychically linking each creature to all the others for the duration. Creatures with Intelligence scores of 2 or less aren't affected by this spell.Until the spell endsthe targets can communicate telepathically through the bond whether or not they have a common language. The communication is possible over any distancethough it can't extend to other planes of existence.,No_AttackType,No_Damage,No_Heal,No_SavingThrow
Teleport,7,Conjuration,No_Ritual,1 action,10 feet,Cube:10,V,No_Concentration,Instantaneous,This spell instantly transports you and up to eight willing creatures of your choice that you can see within rangeor a single object that you can see within rangeto a destination you select. If you target an objectit must be able to fit entirely inside a 10-foot cubeand it can't be held or carried by an unwilling creature.The destination you choose must be known to youand it must be on the same plane of existence as you. Your familiarity with the destination determines whether you arrive there successfully. The GM rolls d100 and consults the table.| Familiarity | Mishap | Similar Area | Off Target | On Target ||---|---|---|---|---|| Permanent circle | -- | -- | -- | 01-100 || Associated object | -- | -- | -- | 01-100 || Very familiar | 01-05 | 06-13 | 14-24 | 25-100 || Seen casually | 01-33 | 34-43 | 44-53 | 54-100 || Viewed once | 01-43 | 44-53 | 54-73 | 74-100 || Description | 01-43 | 44-53 | 54-73 | 74-100 || False destination | 01-50 | 51-100 | -- | -- |***Familiarity.*** "Permanent circle" means a permanent teleportation circle whose sigil sequence you know."Associated object" means that you possess an object taken from the desired destination within the last six monthssuch as a book from a wizard's librarybed linen from a royal suiteor a chunk of marble from a lich's secret tomb."Very familiar" is a place you have been very oftena place you have carefully studiedor a place you can see when you cast the spell."Seen casually" is someplace you have seen more than once but with which you aren't very familiar."Viewed once" is a place you have seen oncepossibly using magic."Description" is a place whose location and appearance you know through someone else's descriptionperhaps from a map."False destination" is a place that doesn't exist. Perhaps you tried to scry an enemy's sanctum but instead viewed an illusionor you are attempting to teleport to a familiar location that no longer exists.***On Target.*** You and your group (or the target object) appear where you want to.***Off Target.*** You and your group (or the target object) appear a random distance away from the destination in a random direction. Distance off target is 1d10 x 1d10 percent of the distance that was to be traveled. For exampleif you tried to travel 120 mileslanded off targetand rolled a 5 and 3 on the two d10sthen you would be off target by 15 percentor 18 miles. The GM determines the direction off target randomly by rolling a d8 and designating 1 as north2 as northeast3 as eastand so on around the points of the compass.  If you were teleporting to a coastal city and wound up 18 miles out at seayou could be in trouble.***Similar Area.*** You and your group (or the target object) wind up in a different area that's visually or thematically similar to the target area. If you are heading for your home laboratoryfor exampleyou might wind up in another wizard's laboratory or in an alchemical supply shop that has many of the same tools and implements as your laboratory. Generallyyou appear in the closest similar placebut since the spell has no range limityou could conceivably wind up anywhere on the plane.***Mishap.*** The spell's unpredictable magic results in a difficult journey. Each teleporting creature (or the target object) takes 3d10 force damageand the GM rerolls on the table to see where you wind up (multiple mishaps can occurdealing damage each time).,No_AttackType,No_Damage,No_Heal,No_SavingThrow
Teleportation-circle,5,Conjuration,No_Ritual,1 minute,10 feet,Sphere:10,V/M,No_Concentration,1 round,As you cast the spellyou draw a 10-foot-diameter circle on the ground inscribed with sigils that link your location to a permanent teleportation circle of your choice whose sigil sequence you know and that is on the same plane of existence as you. A shimmering portal opens within the circle you drew and remains open until the end of your next turn. Any creature that enters the portal instantly appears within 5 feet of the destination circle or in the nearest unoccupied space if that space is occupied.Many major templesguildsand other important places have permanent teleportation circles inscribed somewhere within their confines. Each such circle includes a unique sigil sequence--a string of magical runes arranged in a particular pattern. When you first gain the ability to cast this spellyou learn the sigil sequences for two destinations on the Material Planedetermined by the GM. You can learn additional sigil sequences during your adventures. You can commit a new sigil sequence to memory after studying it for 1 minute.You can create a permanent teleportation circle by casting this spell in the same location every day for one year. You need not use the circle to teleport when you cast the spell in this way.,No_AttackType,No_Damage,No_Heal,No_SavingThrow
Thaumaturgy,0,Transmutation,No_Ritual,1 action,30 feet,No_AreaEffect,V,No_Concentration,1 minute,You manifest a minor wondera sign of supernatural powerwithin range. You create one of the following magical effects within range.- Your voice booms up to three times as loud as normal for 1 minute.- You cause flames to flickerbrightendimor change color for 1 minute.- You cause harmless tremors in the ground for 1 minute.- You create an instantaneous sound that originates from a point of your choice within rangesuch as a rumble of thunderthe cry of a ravenor ominous whispers.- You instantaneously cause an unlocked door or window to fly open or slam shut.- You alter the appearance of your eyes for 1 minute.If you cast this spell multiple timesyou can have up to three of its 1-minute effects active at a timeand you can dismiss such an effect as an action.,No_AttackType,No_Damage,No_Heal,No_SavingThrow
Thunderwave,1,Evocation,No_Ritual,1 action,Self,Cube:15,V/S,No_Concentration,Instantaneous,A wave of thunderous force sweeps out from you. Each creature in a 15-foot cube originating from you must make a constitution saving throw. On a failed savea creature takes 2d8 thunder damage and is pushed 10 feet away from you. On a successful savethe creature takes half as much damage and isn't pushed.In additionunsecured objects that are completely within the area of effect are automatically pushed 10 feet away from you by the spell's effectand the spell emits a thunderous boom audible out to 300 feet.,No_AttackType,Thunder,1:2d8/2:3d8/3:4d8/4:5d8/5:6d8/6:7d8/7:8d8/8:9d8/9:10d8,No_Heal,CON
Time-stop,9,Transmutation,No_Ritual,1 action,Self,No_AreaEffect,V,No_Concentration,Instantaneous,You briefly stop the flow of time for everyone but yourself. No time passes for other creatureswhile you take 1d4 + 1 turns in a rowduring which you can use actions and move as normal.This spell ends if one of the actions you use during this periodor any effects that you create during this periodaffects a creature other than you or an object being worn or carried by someone other than you. In additionthe spell ends if you move to a place more than 1000 feet from the location where you cast it.,No_AttackType,No_Damage,No_Heal,No_SavingThrow
Tiny-hut,3,Evocation,Ritual,1 minute,Self,Sphere:10,V/S/M,No_Concentration,8 hours,A 10-foot-radius immobile dome of force springs into existence around and above you and remains stationary for the duration. The spell ends if you leave its area.Nine creatures of Medium size or smaller can fit inside the dome with you. The spell fails if its area includes a larger creature or more than nine creatures. Creatures and objects within the dome when you cast this spell can move through it freely. All other creatures and objects are barred from passing through it. Spells and other magical effects can't extend through the dome or be cast through it. The atmosphere inside the space is comfortable and dryregardless of the weather outside.Until the spell endsyou can command the interior to become dimly lit or dark. The dome is opaque from the outsideof any color you choosebut it is transparent from the inside.,No_AttackType,No_Damage,No_Heal,No_SavingThrow
Tongues,3,Divination,No_Ritual,1 action,Touch,No_AreaEffect,V/M,No_Concentration,1 hour,This spell grants the creature you touch the ability to understand any spoken language it hears. Moreoverwhen the target speaksany creature that knows at least one language and can hear the target understands what it says.,No_AttackType,No_Damage,No_Heal,No_SavingThrow
Transport-via-plants,6,Conjuration,No_Ritual,1 action,10 feet,No_AreaEffect,V/S,No_Concentration,1 round,This spell creates a magical link between a Large or larger inanimate plant within range and another plantat any distanceon the same plane of existence. You must have seen or touched the destination plant at least once before. For the durationany creature can step into the target plant and exit from the destination plant by using 5 feet of movement.,No_AttackType,No_Damage,No_Heal,No_SavingThrow
Tree-stride,5,Conjuration,No_Ritual,1 action,Self,No_AreaEffect,V/S,concentration,Up to 1 minute,You gain the ability to enter a tree and move from inside it to inside another tree of the same kind within 500 feet. Both trees must be living and at least the same size as you. You must use 5 feet of movement to enter a tree. You instantly know the location of all other trees of the same kind within 500 feet andas part of the move used to enter the treecan either pass into one of those trees or step out of the tree you're in. You appear in a spot of your choice within 5 feet of the destination treeusing another 5 feet of movement. If you have no movement leftyou appear within 5 feet of the tree you entered.You can use this transportation ability once per round for the duration. You must end each turn outside a tree.,No_AttackType,No_Damage,No_Heal,No_SavingThrow
True-polymorph,9,Transmutation,No_Ritual,1 action,30 feet,No_AreaEffect,V/S/M,concentration,Up to 1 hour,Choose one creature or nonmagical object that you can see within range. You transform the creature into a different creaturethe creature into an objector the object into a creature (the object must be neither worn nor carried by another creature). The transformation lasts for the durationor until the target drops to 0 hit points or dies. If you concentrate on this spell for the full durationthe transformation becomes permanent.Shapechangers aren't affected by this spell. An unwilling creature can make a wisdom saving throwand if it succeedsit isn't affected by this spell.***Creature into Creature.*** If you turn a creature into another kind of creaturethe new form can be any kind you choose whose challenge rating is equal to or less than the target's (or its levelif the target doesn't have a challenge rating). The target's game statisticsincluding mental ability scoresare replaced by the statistics of the new form. It retains its alignment and personality.The target assumes the hit points of its new formand when it reverts to its normal formthe creature returns to the number of hit points it had before it transformed. If it reverts as a result of dropping to 0 hit pointsany excess damage carries over to its normal form. As long as the excess damage doesn't reduce the creature's normal form to 0 hit pointsit isn't knocked unconscious.The creature is limited in the actions it can perform by the nature of its new formand it can't speakcast spellsor take any other action that requires hands or speech unless its new form is capable of such actions.The target's gear melds into the new form. The creature can't activateusewieldor otherwise benefit from any of its equipment.***Object into Creature.*** You can turn an object into any kind of creatureas long as the creature's size is no larger than the object's size and the creature's challenge rating is 9 or lower. The creature is friendly to you and your companions. It acts on each of your turns. You decide what action it takes and how it moves. The GM has the creature's statistics and resolves all of its actions and movement.If the spell becomes permanentyou no longer control the creature. It might remain friendly to youdepending on how you have treated it.***Creature into Object.*** If you turn a creature into an objectit transforms along with whatever it is wearing and carrying into that form. The creature's statistics become those of the objectand the creature has no memory of time spent in this formafter the spell ends and it returns to its normal form.,No_AttackType,No_Damage,No_Heal,No_SavingThrow
True-resurrection,9,Necromancy,No_Ritual,1 hour,Touch,No_AreaEffect,V/S/M,No_Concentration,Instantaneous,You touch a creature that has been dead for no longer than 200 years and that died for any reason except old age. If the creature's soul is free and willingthe creature is restored to life with all its hit points.This spell closes all woundsneutralizes any poisoncures all diseasesand lifts any curses affecting the creature when it died. The spell replaces damaged or missing organs and limbs.The spell can even provide a new body if the original no longer existsin which case you must speak the creature's name. The creature then appears in an unoccupied space you choose within 10 feet of you.,No_AttackType,No_Damage,No_Heal,No_SavingThrow
True-seeing,6,Divination,No_Ritual,1 action,Touch,No_AreaEffect,V/S/M,No_Concentration,1 hour,This spell gives the willing creature you touch the ability to see things as they actually are. For the durationthe creature has truesightnotices secret doors hidden by magicand can see into the Ethereal Planeall out to a range of 120 feet.,No_AttackType,No_Damage,No_Heal,No_SavingThrow
True-strike,0,Divination,No_Ritual,1 action,30 feet,No_AreaEffect,S,concentration,Up to 1 round,You extend your hand and point a finger at a target in range. Your magic grants you a brief insight into the target's defenses. On your next turnyou gain advantage on your first attack roll against the targetprovided that this spell hasn't ended.,No_AttackType,No_Damage,No_Heal,No_SavingThrow
Unseen-servant,1,Conjuration,Ritual,1 action,60 feet,No_AreaEffect,V/S/M,No_Concentration,1 hour,This spell creates an invisiblemindlessshapeless force that performs simple tasks at your command until the spell ends. The servant springs into existence in an unoccupied space on the ground within range. It has AC 101 hit pointand a Strength of 2and it can't attack. If it drops to 0 hit pointsthe spell ends.Once on each of your turns as a bonus actionyou can mentally command the servant to move up to 15 feet and interact with an object. The servant can perform simple tasks that a human servant could dosuch as fetching thingscleaningmendingfolding clotheslighting firesserving foodand pouring wine. Once you give the commandthe servant performs the task to the best of its ability until it completes the taskthen waits for your next command.If you command the servant to perform a task that would move it more than 60 feet away from youthe spell ends.,No_AttackType,No_Damage,No_Heal,No_SavingThrow
Vampiric-touch,3,Necromancy,No_Ritual,1 action,Self,No_AreaEffect,V/S,concentration,Up to 1 minute,The touch of your shadow-wreathed hand can siphon life force from others to heal your wounds. Make a melee spell attack against a creature within your reach. On a hitthe target takes 3d6 necrotic damageand you regain hit points equal to half the amount of necrotic damage dealt. Until the spell endsyou can make the attack again on each of your turns as an action.,Melee,Necrotic,3:3d6/4:4d6/5:5d6/6:6d6/7:7d6/8:8d6/9:9d6,No_Heal,No_SavingThrow
Vicious-mockery,0,Enchantment,No_Ritual,1 action,60 feet,No_AreaEffect,V,No_Concentration,Instantaneous,You unleash a string of insults laced with subtle enchantments at a creature you can see within range. If the target can hear you (though it need not understand you)it must succeed on a wisdom saving throw or take 1d4 psychic damage and have disadvantage on the next attack roll it makes before the end of its next turn.This spell's damage increases by 1d4 when you reach 5th level (2d4)11th level (3d4)and 17th level (4d4).,No_AttackType,Psychic,1:1d4/5:2d4/11:3d4/17:4d4,No_Heal,WIS
Wall-of-fire,4,Evocation,No_Ritual,1 action,120 feet,Line:60,V/S/M,concentration,Up to 1 minute,You create a wall of fire on a solid surface within range. You can make the wall up to 60 feet long20 feet highand 1 foot thickor a ringed wall up to 20 feet in diameter20 feet highand 1 foot thick. The wall is opaque and lasts for the duration.When the wall appearseach creature within its area must make a Dexterity saving throw. On a failed savea creature takes 5d8 fire damageor half as much damage on a successful save.One side of the wallselected by you when you cast this spelldeals 5d8 fire damage to each creature that ends its turn within 10 feet o f that side or inside the wall. A creature takes the same damage when it enters the wall for the first time on a turn or ends its turn there. The other side of the wall deals no damage.The other side of the wall deals no damage.,No_AttackType,Fire,4:5d8,No_Heal,DEX
Wall-of-force,5,Evocation,No_Ritual,1 action,120 feet,No_AreaEffect,V/S/M,concentration,Up to 10 minutes,An invisible wall of force springs into existence at a point you choose within range. The wall appears in any orientation you chooseas a horizontal or vertical barrier or at an angle. It can be free floating or resting on a solid surface. You can form it into a hemispherical dome or a sphere with a radius of up to 10 feetor you can shape a flat surface made up of ten 10-foot-by-10-foot panels. Each panel must be contiguous with another panel. In any formthe wall is 1/4 inch thick. It lasts for the duration. If the wall cuts through a creature's space when it appearsthe creature is pushed to one side of the wall (your choice which side).Nothing can physically pass through the wall. It is immune to all damage and can't be dispelled by dispel magic. A disintegrate spell destroys the wall instantlyhowever. The wall also extends into the Ethereal Planeblocking ethereal travel through the wall.,No_AttackType,No_Damage,No_Heal,No_SavingThrow
Wall-of-ice,6,Evocation,No_Ritual,1 action,120 feet,Sphere:10,V/S/M,concentration,Up to 10 minutes,You create a wall of ice on a solid surface within range. You can form it into a hemispherical dome or a sphere with a radius of up to 10 feetor you can shape a flat surface made up of ten 10-foot-square panels. Each panel must be contiguous with another panel. In any formthe wall is 1 foot thick and lasts for the duration.If the wall cuts through a creature's space when it appearsthe creature within its area is pushed to one side of the wall and must make a dexterity saving throw. On a failed savethe creature takes 10d6 cold damageor half as much damage on a successful save.The wall is an object that can be damaged and thus breached. It has AC 12 and 30 hit points per 10-foot sectionand it is vulnerable to fire damage. Reducing a 10-foot section of wall to 0 hit points destroys it and leaves behind a sheet of frigid air in the space the wall occupied. A creature moving through the sheet of frigid air for the first time on a turn must make a constitution saving throw. That creature takes 5d6 cold damage on a failed saveor half as much damage on a successful one.,No_AttackType,Cold,6:10d6/7:12d6/8:14d6/9:16d6,No_Heal,DEX
Wall-of-stone,5,Evocation,No_Ritual,1 action,120 feet,No_AreaEffect,V/S/M,concentration,Up to 10 minutes,A nonmagical wall of solid stone springs into existence at a point you choose within range. The wall is 6 inches thick and is composed of ten 10-foot-by-10-foot panels. Each panel must be contiguous with at least one other panel. Alternativelyyou can create 10-foot-by-20-foot panels that are only 3 inches thick.If the wall cuts through a creature's space when it appearsthe creature is pushed to one side of the wall (your choice). If a creature would be surrounded on all sides by the wall (or the wall and another solid surface)that creature can make a dexterity saving throw. On a successit can use its reaction to move up to its speed so that it is no longer enclosed by the wall.The wall can have any shape you desirethough it can't occupy the same space as a creature or object. The wall doesn't need to be vertical or rest on any firm foundation. It musthowevermerge with and be solidly supported by existing stone. Thusyou can use this spell to bridge a chasm or create a ramp.If you create a span greater than 20 feet in lengthyou must halve the size of each panel to create supports. You can crudely shape the wall to create crenellationsbattlementsand so on.The wall is an object made of stone that can be damaged and thus breached. Each panel has AC 15 and 30 hit points per inch of thickness. Reducing a panel to 0 hit points destroys it and might cause connected panels to collapse at the GM's discretion.If you maintain your concentration on this spell for its whole durationthe wall becomes permanent and can't be dispelled. Otherwisethe wall disappears when the spell ends.,No_AttackType,No_Damage,No_Heal,No_SavingThrow
Wall-of-thorns,6,Conjuration,No_Ritual,1 action,120 feet,Line:60,V/S/M,concentration,Up to 10 minutes,You create a wall of toughpliabletangled brush bristling with needle-sharp thorns. The wall appears within range on a solid surface and lasts for the duration. You choose to make the wall up to 60 feet long10 feet highand 5 feet thick or a circle that has a 20-foot diameter and is up to 20 feet high and 5 feet thick. The wall blocks line of sight.When the wall appearseach creature within its area must make a dexterity saving throw. On a failed savea creature takes 7d8 piercing damageor half as much damage on a successful save.A creature can move through the wallalbeit slowly and painfully. For every 1 foot a creature moves through the wallit must spend 4 feet of movement. Furthermorethe first time a creature enters the wall on a turn or ends its turn therethe creature must make a dexterity saving throw. It takes 7d8 slashing damage on a failed saveor half as much damage on a successful one.,No_AttackType,Piercing,6:7d8/7:8d8/8:9d8/9:10d8,No_Heal,DEX
Warding-bond,2,Abjuration,No_Ritual,1 action,Touch,No_AreaEffect,V/S/M,No_Concentration,1 hour,This spell wards a willing creature you touch and creates a mystic connection between you and the target until the spell ends. While the target is within 60 feet of youit gains a +1 bonus to AC and saving throwsand it has resistance to all damage. Alsoeach time it takes damageyou take the same amount of damage.The spell ends if you drop to 0 hit points or if you and the target become separated by more than 60 feet.It also ends if the spell is cast again on either of the connected creatures. You can also dismiss the spell as an action.,No_AttackType,No_Damage,No_Heal,No_SavingThrow
Water-breathing,3,Transmutation,Ritual,1 action,30 feet,No_AreaEffect,V/S/M,No_Concentration,24 hours,This spell gives a maximum of ten willing creatures within range and you can seethe ability to breathe underwater until the end of its term. Affected creatures also retain their normal breathing pattern.,No_AttackType,No_Damage,No_Heal,No_SavingThrow
Water-walk,3,Transmutation,Ritual,1 action,30 feet,No_AreaEffect,V/S/M,No_Concentration,1 hour,This spell grants the ability to move across any liquid surface--such as wateracidmudsnowquicksandor lava--as if it were harmless solid ground (creatures crossing molten lava can still take damage from the heat). Up to ten willing creatures you can see within range gain this ability for the duration.If you target a creature submerged in a liquidthe spell carries the target to the surface of the liquid at a rate of 60 feet per round.,No_AttackType,No_Damage,No_Heal,No_SavingThrow
Web,2,Conjuration,No_Ritual,1 action,60 feet,Cube:20,V/S/M,concentration,Up to 1 hour,You conjure a mass of thicksticky webbing at a point of your choice within range. The webs fill a 20-foot cube from that point for the duration. The webs are difficult terrain and lightly obscure their area.If the webs aren't anchored between two solid masses (such as walls or trees) or layered across a floorwallor ceilingthe conjured web collapses on itselfand the spell ends at the start of your next turn. Webs layered over a flat surface have a depth of 5 feet.Each creature that starts its turn in the webs or that enters them during its turn must make a dexterity saving throw. On a failed savethe creature is restrained as long as it remains in the webs or until it breaks free.A creature restrained by the webs can use its action to make a Strength check against your spell save DC. If it succeedsit is no longer restrained.The webs are flammable. Any 5-foot cube of webs exposed to fire burns away in 1 rounddealing 2d4 fire damage to any creature that starts its turn in the fire.,No_AttackType,No_Damage,No_Heal,No_SavingThrow
Weird,9,Illusion,No_Ritual,1 action,120 feet,Sphere:30,V/S,concentration,Up to 1 minute,Drawing on the deepest fears of a group of creaturesyou create illusory creatures in their mindsvisible only to them. Each creature in a 30-foot-radius sphere centered on a point of your choice within range must make a wisdom saving throw. On a failed savea creature becomes frightened for the duration. The illusion calls on the creature's deepest fearsmanifesting its worst nightmares as an implacable threat. At the start of each of the frightened creature's turnsit must succeed on a wisdom saving throw or take 4d10 psychic damage. On a successful savethe spell ends for that creature.,No_AttackType,No_Damage,No_Heal,WIS
Wind-walk,6,Transmutation,No_Ritual,1 minute,30 feet,No_AreaEffect,V/S/M,No_Concentration,8 hours,You and up to ten willing creatures you can see within range assume a gaseous form for the durationappearing as wisps of cloud. While in this cloud forma creature has a flying speed of 300 feet and has resistance to damage from nonmagical weapons. The only actions a creature can take in this form are the Dash action or to revert to its normal form. Reverting takes 1 minuteduring which time a creature is incapacitated and can't move. Until the spell endsa creature can revert to cloud formwhich also requires the 1-minute transformation.If a creature is in cloud form and flying when the effect endsthe creature descends 60 feet per round for 1 minute until it landswhich it does safely. If it can't land after 1 minutethe creature falls the remaining distance.,No_AttackType,No_Damage,No_Heal,No_SavingThrow
Wind-wall,3,Evocation,No_Ritual,1 action,120 feet,Line:50,V/S/M,concentration,Up to 1 minute,A wall of strong wind rises from the ground at a point you choose within range. You can make the wall up to 50 feet long15 feet highand 1 foot thick. You can shape the wall in any way you choose so long as it makes one continuous path along the ground. The wall lasts for the duration.When the wall appearseach creature within its area must make a strength saving throw. A creature takes 3d8 bludgeoning damage on a failed saveor half as much damage on a successful one.The strong wind keeps fogsmokeand other gases at bay. Small or smaller flying creatures or objects can't pass through the wall. Looselightweight materials brought into the wall fly upward. Arrowsboltsand other ordinary projectiles launched at targets behind the wall are deflected upward and automatically miss. (Boulders hurled by giants or siege enginesand similar projectilesare unaffected.) Creatures in gaseous form can't pass through it.,No_AttackType,Bludgeoning,3:3d8,No_Heal,STR
Wish,9,Conjuration,No_Ritual,1 action,Self,No_AreaEffect,V,No_Concentration,Instantaneous,Wish is the mightiest spell a mortal creature can cast. By simply speaking aloudyou can alter the very foundations of reality in accord with your desires.The basic use of this spell is to duplicate any other spell of 8th level or lower. You don't need to meet any requirements in that spellincluding costly components. The spell simply takes effect.Alternativelyyou can create one of the following effects of your choice:- You create one object of up to 25000 gp in value that isn't a magic item. The object can be no more than 300 feet in any dimensionand it appears in an unoccupied space you can see on the ground.- You allow up to twenty creatures that you can see to regain all hit pointsand you end all effects on them described in the greater restoration spell.- You grant up to ten creatures that you can see resistance to a damage type you choose.- You grant up to ten creatures you can see immunity to a single spell or other magical effect for 8 hours. For instanceyou could make yourself and all your companions immune to a lich's life drain attack.- You undo a single recent event by forcing a reroll of any roll made within the last round (including your last turn). Reality reshapes itself to accommodate the new result. For examplea wish spell could undo an opponent's successful savea foe's critical hitor a friend's failed save. You can force the reroll to be made with advantage or disadvantageand you can choose whether to use the reroll or the original roll.You might be able to achieve something beyond the scope of the above examples. State your wish to the GM as precisely as possible. The GM has great latitude in ruling what occurs in such an instance; the greater the wishthe greater the likelihood that something goes wrong. This spell might simply failthe effect you desire might only be partly achievedor you might suffer some unforeseen consequence as a result of how you worded the wish. For examplewishing that a villain were dead might propel you forward in time to a period when that villain is no longer aliveeffectively removing you from the game. Similarlywishing for a legendary magic item or artifact might instantly transport you to the presence of the item's current owner.The stress of casting this spell to produce any effect other than duplicating another spell weakens you. After enduring that stresseach time you cast a spell until you finish a long restyou take 1d10 necrotic damage per level of that spell. This damage can't be reduced or prevented in any way. In additionyour Strength drops to 3if it isn't 3 or lower alreadyfor 2d4 days. For each of those days that you spend resting and doing nothing more than light activityyour remaining recovery time decreases by 2 days. Finallythere is a 33 percent chance that you are unable to cast wish ever again if you suffer this stress.,No_AttackType,No_Damage,No_Heal,No_SavingThrow
Word-of-recall,6,Conjuration,No_Ritual,1 action,5 feet,Sphere:5,V,No_Concentration,Instantaneous,You and up to five willing creatures within 5 feet of you instantly teleport to a previously designated sanctuary. You and any creatures that teleport with you appear in the nearest unoccupied space to the spot you designated when you prepared your sanctuary (see below). If you cast this spell without first preparing a sanctuarythe spell has no effect.You must designate a sanctuary by casting this spell within a locationsuch as a templededicated to or strongly linked to your deity. If you attempt to cast the spell in this manner in an area that isn't dedicated to your deitythe spell has no effect.,No_AttackType,No_Damage,No_Heal,No_SavingThrow
Zone-of-truth,2,Enchantment,No_Ritual,1 action,60 feet,Sphere:15,V/S,No_Concentration,10 minutes,You create a magical zone that guards against deception in a 15-foot-radius sphere centered on a point of your choice within range. Until the spell endsa creature that enters the spell's area for the first time on a turn or starts its turn there must make a Charisma saving throw. On a failed savea creature can't speak a deliberate lie while in the radius. You know whether each creature succeeds or fails on its saving throw.An affected creature is aware of the spell and can thus avoid answering questions to which it would normally respond with a lie. Such a creature can remain evasive in its answers as long as it remains within the boundaries of the truth.,No_AttackType,No_Damage,No_Heal,No_SavingThrow
